Record Length,2.500000e+03,, -12.500000000000,   0.44800,
Sample Interval,1.000000e-02,, -12.490000000000,   0.46400,
Trigger Point,1.250000000000e+03,, -12.480000000000,   0.43200,
,,, -12.470000000000,   0.48000,
,,, -12.460000000000,   0.46400,
,,, -12.450000000000,   0.42400,
Source,CH2,, -12.440000000000,   0.47200,
Vertical Units,V,, -12.430000000000,   0.44800,
Vertical Scale,2.000000e-01,, -12.420000000000,   0.39200,
Vertical Offset,0.000000e+00,, -12.410000000000,   0.44000,
Horizontal Units,s,, -12.400000000000,   0.44000,
Horizontal Scale,2.500000e+00,, -12.390000000000,   0.45600,
Pt Fmt,Y,, -12.380000000000,   0.43200,
Yzero,0.000000e+00,, -12.370000000000,   0.45600,
Probe Atten,1.000000e+01,, -12.360000000000,   0.42400,
Model Number,TBS1022,, -12.350000000000,   0.44000,
Serial Number,C031739,, -12.340000000000,   0.43200,
Firmware Version,FV:v26.02,, -12.330000000000,   0.44800,
,,,-012.320000000000,   0.45600,
,,,-012.310000000000,   0.47200,
,,,-012.300000000000,   0.45600,
,,,-012.290000000000,   0.45600,
,,,-012.280000000000,   0.44000,
,,,-012.270000000000,   0.44800,
,,,-012.260000000000,   0.44800,
,,,-012.250000000000,   0.42400,
,,,-012.240000000000,   0.50400,
,,,-012.230000000000,   0.45600,
,,,-012.220000000000,   0.44800,
,,,-012.210000000000,   0.44800,
,,,-012.200000000000,   0.42400,
,,,-012.190000000000,   0.44800,
,,,-012.180000000000,   0.45600,
,,,-012.170000000000,   0.46400,
,,,-012.160000000000,   0.42400,
,,,-012.150000000000,   0.48000,
,,,-012.140000000000,   0.40800,
,,,-012.130000000000,   0.39200,
,,,-012.120000000000,   0.47200,
,,,-012.110000000000,   0.44000,
,,,-012.100000000000,   0.41600,
,,,-012.090000000000,   0.52000,
,,,-012.080000000000,   0.41600,
,,,-012.070000000000,   0.40000,
,,,-012.060000000000,   0.50400,
,,,-012.050000000000,   0.42400,
,,,-012.040000000000,   0.43200,
,,,-012.030000000000,   0.48800,
,,,-012.020000000000,   0.43200,
,,,-012.010000000000,   0.43200,
,,,-012.000000000000,   0.48800,
,,,-011.990000000000,   0.44000,
,,,-011.980000000000,   0.40800,
,,,-011.970000000000,   0.49600,
,,,-011.960000000000,   0.40800,
,,,-011.950000000000,   0.39200,
,,,-011.940000000000,   0.51200,
,,,-011.930000000000,   0.40000,
,,,-011.920000000000,   0.42400,
,,,-011.910000000000,   0.48800,
,,,-011.900000000000,   0.40000,
,,,-011.890000000000,   0.41600,
,,,-011.880000000000,   0.47200,
,,,-011.870000000000,   0.40000,
,,,-011.860000000000,   0.42400,
,,,-011.850000000000,   0.50400,
,,,-011.840000000000,   0.41600,
,,,-011.830000000000,   0.42400,
,,,-011.820000000000,   0.50400,
,,,-011.810000000000,   0.40000,
,,,-011.800000000000,   0.44000,
,,,-011.790000000000,   0.49600,
,,,-011.780000000000,   0.42400,
,,,-011.770000000000,   0.45600,
,,,-011.760000000000,   0.50400,
,,,-011.750000000000,   0.42400,
,,,-011.740000000000,   0.46400,
,,,-011.730000000000,   0.47200,
,,,-011.720000000000,   0.41600,
,,,-011.710000000000,   0.42400,
,,,-011.700000000000,   0.47200,
,,,-011.690000000000,   0.42400,
,,,-011.680000000000,   0.41600,
,,,-011.670000000000,   0.44800,
,,,-011.660000000000,   0.39200,
,,,-011.650000000000,   0.40000,
,,,-011.640000000000,   0.44800,
,,,-011.630000000000,   0.41600,
,,,-011.620000000000,   0.46400,
,,,-011.610000000000,   0.47200,
,,,-011.600000000000,   0.42400,
,,,-011.590000000000,   0.45600,
,,,-011.580000000000,   0.42400,
,,,-011.570000000000,   0.45600,
,,,-011.560000000000,   0.44800,
,,,-011.550000000000,   0.44800,
,,,-011.540000000000,   0.48000,
,,,-011.530000000000,   0.44000,
,,,-011.520000000000,   0.45600,
,,,-011.510000000000,   0.44800,
,,,-011.500000000000,   0.45600,
,,,-011.490000000000,   0.42400,
,,,-011.480000000000,   0.46400,
,,,-011.470000000000,   0.44800,
,,,-011.460000000000,   0.42400,
,,,-011.450000000000,   0.43200,
,,,-011.440000000000,   0.47200,
,,,-011.430000000000,   0.39200,
,,,-011.420000000000,   0.45600,
,,,-011.410000000000,   0.44800,
,,,-011.400000000000,   0.40000,
,,,-011.390000000000,   0.47200,
,,,-011.380000000000,   0.43200,
,,,-011.370000000000,   0.39200,
,,,-011.360000000000,   0.44000,
,,,-011.350000000000,   0.43200,
,,,-011.340000000000,   0.42400,
,,,-011.330000000000,   0.48000,
,,,-011.320000000000,   0.44800,
,,,-011.310000000000,   0.40800,
,,,-011.300000000000,   0.48800,
,,,-011.290000000000,   0.45600,
,,,-011.280000000000,   0.40800,
,,,-011.270000000000,   0.49600,
,,,-011.260000000000,   0.44800,
,,,-011.250000000000,   0.38400,
,,,-011.240000000000,   0.50400,
,,,-011.230000000000,   0.43200,
,,,-011.220000000000,   0.38400,
,,,-011.210000000000,   0.48800,
,,,-011.200000000000,   0.41600,
,,,-011.190000000000,   0.40800,
,,,-011.180000000000,   0.46400,
,,,-011.170000000000,   0.42400,
,,,-011.160000000000,   0.38400,
,,,-011.150000000000,   0.47200,
,,,-011.140000000000,   0.42400,
,,,-011.130000000000,   0.42400,
,,,-011.120000000000,   0.50400,
,,,-011.110000000000,   0.42400,
,,,-011.100000000000,   0.42400,
,,,-011.090000000000,   0.47200,
,,,-011.080000000000,   0.43200,
,,,-011.070000000000,   0.44000,
,,,-011.060000000000,   0.49600,
,,,-011.050000000000,   0.45600,
,,,-011.040000000000,   0.46400,
,,,-011.030000000000,   0.44800,
,,,-011.020000000000,   0.44800,
,,,-011.010000000000,   0.44800,
,,,-011.000000000000,   0.44800,
,,,-010.990000000000,   0.44800,
,,,-010.980000000000,   0.44000,
,,,-010.970000000000,   0.45600,
,,,-010.960000000000,   0.44000,
,,,-010.950000000000,   0.43200,
,,,-010.940000000000,   0.43200,
,,,-010.930000000000,   0.42400,
,,,-010.920000000000,   0.45600,
,,,-010.910000000000,   0.43200,
,,,-010.900000000000,   0.41600,
,,,-010.890000000000,   0.47200,
,,,-010.880000000000,   0.42400,
,,,-010.870000000000,   0.44000,
,,,-010.860000000000,   0.48000,
,,,-010.850000000000,   0.40800,
,,,-010.840000000000,   0.48000,
,,,-010.830000000000,   0.45600,
,,,-010.820000000000,   0.42400,
,,,-010.810000000000,   0.46400,
,,,-010.800000000000,   0.47200,
,,,-010.790000000000,   0.43200,
,,,-010.780000000000,   0.44800,
,,,-010.770000000000,   0.49600,
,,,-010.760000000000,   0.41600,
,,,-010.750000000000,   0.47200,
,,,-010.740000000000,   0.48800,
,,,-010.730000000000,   0.40000,
,,,-010.720000000000,   0.47200,
,,,-010.710000000000,   0.47200,
,,,-010.700000000000,   0.39200,
,,,-010.690000000000,   0.44800,
,,,-010.680000000000,   0.43200,
,,,-010.670000000000,   0.37600,
,,,-010.660000000000,   0.45600,
,,,-010.650000000000,   0.44000,
,,,-010.640000000000,   0.39200,
,,,-010.630000000000,   0.44000,
,,,-010.620000000000,   0.48000,
,,,-010.610000000000,   0.39200,
,,,-010.600000000000,   0.47200,
,,,-010.590000000000,   0.51200,
,,,-010.580000000000,   0.40800,
,,,-010.570000000000,   0.48000,
,,,-010.560000000000,   0.49600,
,,,-010.550000000000,   0.38400,
,,,-010.540000000000,   0.49600,
,,,-010.530000000000,   0.48000,
,,,-010.520000000000,   0.37600,
,,,-010.510000000000,   0.45600,
,,,-010.500000000000,   0.47200,
,,,-010.490000000000,   0.40800,
,,,-010.480000000000,   0.45600,
,,,-010.470000000000,   0.47200,
,,,-010.460000000000,   0.37600,
,,,-010.450000000000,   0.44000,
,,,-010.440000000000,   0.47200,
,,,-010.430000000000,   0.40800,
,,,-010.420000000000,   0.45600,
,,,-010.410000000000,   0.45600,
,,,-010.400000000000,   0.39200,
,,,-010.390000000000,   0.44800,
,,,-010.380000000000,   0.43200,
,,,-010.370000000000,   0.42400,
,,,-010.360000000000,   0.48000,
,,,-010.350000000000,   0.44800,
,,,-010.340000000000,   0.44800,
,,,-010.330000000000,   0.44800,
,,,-010.320000000000,   0.45600,
,,,-010.310000000000,   0.44800,
,,,-010.300000000000,   0.47200,
,,,-010.290000000000,   0.44800,
,,,-010.280000000000,   0.48800,
,,,-010.270000000000,   0.46400,
,,,-010.260000000000,   0.44800,
,,,-010.250000000000,   0.45600,
,,,-010.240000000000,   0.38400,
,,,-010.230000000000,   0.41600,
,,,-010.220000000000,   0.49600,
,,,-010.210000000000,   0.42400,
,,,-010.200000000000,   0.40800,
,,,-010.190000000000,   0.49600,
,,,-010.180000000000,   0.41600,
,,,-010.170000000000,   0.40800,
,,,-010.160000000000,   0.48000,
,,,-010.150000000000,   0.41600,
,,,-010.140000000000,   0.44800,
,,,-010.130000000000,   0.50400,
,,,-010.120000000000,   0.42400,
,,,-010.110000000000,   0.43200,
,,,-010.100000000000,   0.49600,
,,,-010.090000000000,   0.43200,
,,,-010.080000000000,   0.42400,
,,,-010.070000000000,   0.52000,
,,,-010.060000000000,   0.42400,
,,,-010.050000000000,   0.44000,
,,,-010.040000000000,   0.50400,
,,,-010.030000000000,   0.42400,
,,,-010.020000000000,   0.42400,
,,,-010.010000000000,   0.49600,
,,,-010.000000000000,   0.39200,
,,,-009.990000000000,   0.44800,
,,,-009.980000000000,   0.42400,
,,,-009.970000000000,   0.41600,
,,,-009.960000000000,   0.42400,
,,,-009.950000000000,   0.44800,
,,,-009.940000000000,   0.44800,
,,,-009.930000000000,   0.42400,
,,,-009.920000000000,   0.43200,
,,,-009.910000000000,   0.41600,
,,,-009.900000000000,   0.47200,
,,,-009.890000000000,   0.40000,
,,,-009.880000000000,   0.50400,
,,,-009.870000000000,   0.48000,
,,,-009.860000000000,   0.41600,
,,,-009.850000000000,   0.47200,
,,,-009.840000000000,   0.48000,
,,,-009.830000000000,   0.40000,
,,,-009.820000000000,   0.47200,
,,,-009.810000000000,   0.48800,
,,,-009.800000000000,   0.40800,
,,,-009.790000000000,   0.49600,
,,,-009.780000000000,   0.43200,
,,,-009.770000000000,   0.40000,
,,,-009.760000000000,   0.45600,
,,,-009.750000000000,   0.44000,
,,,-009.740000000000,   0.40000,
,,,-009.730000000000,   0.46400,
,,,-009.720000000000,   0.44800,
,,,-009.710000000000,   0.40000,
,,,-009.700000000000,   0.44800,
,,,-009.690000000000,   0.46400,
,,,-009.680000000000,   0.43200,
,,,-009.670000000000,   0.45600,
,,,-009.660000000000,   0.44800,
,,,-009.650000000000,   0.43200,
,,,-009.640000000000,   0.45600,
,,,-009.630000000000,   0.40800,
,,,-009.620000000000,   0.48800,
,,,-009.610000000000,   0.44800,
,,,-009.600000000000,   0.44000,
,,,-009.590000000000,   0.52000,
,,,-009.580000000000,   0.42400,
,,,-009.570000000000,   0.44000,
,,,-009.560000000000,   0.50400,
,,,-009.550000000000,   0.42400,
,,,-009.540000000000,   0.45600,
,,,-009.530000000000,   0.48000,
,,,-009.520000000000,   0.41600,
,,,-009.510000000000,   0.44000,
,,,-009.500000000000,   0.49600,
,,,-009.490000000000,   0.40800,
,,,-009.480000000000,   0.40000,
,,,-009.470000000000,   0.48800,
,,,-009.460000000000,   0.38400,
,,,-009.450000000000,   0.41600,
,,,-009.440000000000,   0.44800,
,,,-009.430000000000,   0.42400,
,,,-009.420000000000,   0.44800,
,,,-009.410000000000,   0.46400,
,,,-009.400000000000,   0.44000,
,,,-009.390000000000,   0.46400,
,,,-009.380000000000,   0.42400,
,,,-009.370000000000,   0.47200,
,,,-009.360000000000,   0.46400,
,,,-009.350000000000,   0.42400,
,,,-009.340000000000,   0.50400,
,,,-009.330000000000,   0.44800,
,,,-009.320000000000,   0.42400,
,,,-009.310000000000,   0.48000,
,,,-009.300000000000,   0.46400,
,,,-009.290000000000,   0.40000,
,,,-009.280000000000,   0.47200,
,,,-009.270000000000,   0.47200,
,,,-009.260000000000,   0.38400,
,,,-009.250000000000,   0.46400,
,,,-009.240000000000,   0.44800,
,,,-009.230000000000,   0.37600,
,,,-009.220000000000,   0.46400,
,,,-009.210000000000,   0.44800,
,,,-009.200000000000,   0.36000,
,,,-009.190000000000,   0.47200,
,,,-009.180000000000,   0.43200,
,,,-009.170000000000,   0.40000,
,,,-009.160000000000,   0.46400,
,,,-009.150000000000,   0.45600,
,,,-009.140000000000,   0.41600,
,,,-009.130000000000,   0.47200,
,,,-009.120000000000,   0.44800,
,,,-009.110000000000,   0.42400,
,,,-009.100000000000,   0.48000,
,,,-009.090000000000,   0.46400,
,,,-009.080000000000,   0.47200,
,,,-009.070000000000,   0.47200,
,,,-009.060000000000,   0.44800,
,,,-009.050000000000,   0.43200,
,,,-009.040000000000,   0.44800,
,,,-009.030000000000,   0.42400,
,,,-009.020000000000,   0.46400,
,,,-009.010000000000,   0.43200,
,,,-009.000000000000,   0.41600,
,,,-008.990000000000,   0.48000,
,,,-008.980000000000,   0.37600,
,,,-008.970000000000,   0.41600,
,,,-008.960000000000,   0.44800,
,,,-008.950000000000,   0.40000,
,,,-008.940000000000,   0.40800,
,,,-008.930000000000,   0.48800,
,,,-008.920000000000,   0.40800,
,,,-008.910000000000,   0.41600,
,,,-008.900000000000,   0.50400,
,,,-008.890000000000,   0.41600,
,,,-008.880000000000,   0.42400,
,,,-008.870000000000,   0.51200,
,,,-008.860000000000,   0.44000,
,,,-008.850000000000,   0.42400,
,,,-008.840000000000,   0.52800,
,,,-008.830000000000,   0.42400,
,,,-008.820000000000,   0.45600,
,,,-008.810000000000,   0.48800,
,,,-008.800000000000,   0.42400,
,,,-008.790000000000,   0.44800,
,,,-008.780000000000,   0.44800,
,,,-008.770000000000,   0.40800,
,,,-008.760000000000,   0.44800,
,,,-008.750000000000,   0.46400,
,,,-008.740000000000,   0.43200,
,,,-008.730000000000,   0.42400,
,,,-008.720000000000,   0.44000,
,,,-008.710000000000,   0.42400,
,,,-008.700000000000,   0.41600,
,,,-008.690000000000,   0.41600,
,,,-008.680000000000,   0.44800,
,,,-008.670000000000,   0.47200,
,,,-008.660000000000,   0.42400,
,,,-008.650000000000,   0.44800,
,,,-008.640000000000,   0.46400,
,,,-008.630000000000,   0.39200,
,,,-008.620000000000,   0.48000,
,,,-008.610000000000,   0.48000,
,,,-008.600000000000,   0.41600,
,,,-008.590000000000,   0.50400,
,,,-008.580000000000,   0.45600,
,,,-008.570000000000,   0.40800,
,,,-008.560000000000,   0.48800,
,,,-008.550000000000,   0.45600,
,,,-008.540000000000,   0.40000,
,,,-008.530000000000,   0.47200,
,,,-008.520000000000,   0.46400,
,,,-008.510000000000,   0.38400,
,,,-008.500000000000,   0.48000,
,,,-008.490000000000,   0.44800,
,,,-008.480000000000,   0.38400,
,,,-008.470000000000,   0.44800,
,,,-008.460000000000,   0.44800,
,,,-008.450000000000,   0.37600,
,,,-008.440000000000,   0.44800,
,,,-008.430000000000,   0.42400,
,,,-008.420000000000,   0.44800,
,,,-008.410000000000,   0.44800,
,,,-008.400000000000,   0.44000,
,,,-008.390000000000,   0.44800,
,,,-008.380000000000,   0.44000,
,,,-008.370000000000,   0.45600,
,,,-008.360000000000,   0.43200,
,,,-008.350000000000,   0.45600,
,,,-008.340000000000,   0.44800,
,,,-008.330000000000,   0.49600,
,,,-008.320000000000,   0.47200,
,,,-008.310000000000,   0.44000,
,,,-008.300000000000,   0.44800,
,,,-008.290000000000,   0.43200,
,,,-008.280000000000,   0.40000,
,,,-008.270000000000,   0.47200,
,,,-008.260000000000,   0.41600,
,,,-008.250000000000,   0.40000,
,,,-008.240000000000,   0.47200,
,,,-008.230000000000,   0.39200,
,,,-008.220000000000,   0.41600,
,,,-008.210000000000,   0.46400,
,,,-008.200000000000,   0.39200,
,,,-008.190000000000,   0.42400,
,,,-008.180000000000,   0.46400,
,,,-008.170000000000,   0.44800,
,,,-008.160000000000,   0.41600,
,,,-008.150000000000,   0.52000,
,,,-008.140000000000,   0.40800,
,,,-008.130000000000,   0.44800,
,,,-008.120000000000,   0.45600,
,,,-008.110000000000,   0.44800,
,,,-008.100000000000,   0.44800,
,,,-008.090000000000,   0.47200,
,,,-008.080000000000,   0.44800,
,,,-008.070000000000,   0.48800,
,,,-008.060000000000,   0.44800,
,,,-008.050000000000,   0.44800,
,,,-008.040000000000,   0.47200,
,,,-008.030000000000,   0.32800,
,,,-008.020000000000,   0.47200,
,,,-008.010000000000,   0.46400,
,,,-008.000000000000,   0.38400,
,,,-007.990000000000,   0.44800,
,,,-007.980000000000,   0.44800,
,,,-007.970000000000,   0.39200,
,,,-007.960000000000,   0.48000,
,,,-007.950000000000,   0.44000,
,,,-007.940000000000,   0.36000,
,,,-007.930000000000,   0.45600,
,,,-007.920000000000,   0.45600,
,,,-007.910000000000,   0.37600,
,,,-007.900000000000,   0.48000,
,,,-007.890000000000,   0.47200,
,,,-007.880000000000,   0.42400,
,,,-007.870000000000,   0.47200,
,,,-007.860000000000,   0.49600,
,,,-007.850000000000,   0.41600,
,,,-007.840000000000,   0.48000,
,,,-007.830000000000,   0.44800,
,,,-007.820000000000,   0.46400,
,,,-007.810000000000,   0.45600,
,,,-007.800000000000,   0.44800,
,,,-007.790000000000,   0.48000,
,,,-007.780000000000,   0.40000,
,,,-007.770000000000,   0.42400,
,,,-007.760000000000,   0.44800,
,,,-007.750000000000,   0.42400,
,,,-007.740000000000,   0.40800,
,,,-007.730000000000,   0.48800,
,,,-007.720000000000,   0.40800,
,,,-007.710000000000,   0.40000,
,,,-007.700000000000,   0.47200,
,,,-007.690000000000,   0.40800,
,,,-007.680000000000,   0.43200,
,,,-007.670000000000,   0.48800,
,,,-007.660000000000,   0.40800,
,,,-007.650000000000,   0.43200,
,,,-007.640000000000,   0.50400,
,,,-007.630000000000,   0.41600,
,,,-007.620000000000,   0.46400,
,,,-007.610000000000,   0.48000,
,,,-007.600000000000,   0.44800,
,,,-007.590000000000,   0.46400,
,,,-007.580000000000,   0.40800,
,,,-007.570000000000,   0.47200,
,,,-007.560000000000,   0.46400,
,,,-007.550000000000,   0.41600,
,,,-007.540000000000,   0.45600,
,,,-007.530000000000,   0.47200,
,,,-007.520000000000,   0.40000,
,,,-007.510000000000,   0.45600,
,,,-007.500000000000,   0.46400,
,,,-007.490000000000,   0.37600,
,,,-007.480000000000,   0.44800,
,,,-007.470000000000,   0.46400,
,,,-007.460000000000,   0.36800,
,,,-007.450000000000,   0.44800,
,,,-007.440000000000,   0.44800,
,,,-007.430000000000,   0.41600,
,,,-007.420000000000,   0.46400,
,,,-007.410000000000,   0.46400,
,,,-007.400000000000,   0.40800,
,,,-007.390000000000,   0.48000,
,,,-007.380000000000,   0.43200,
,,,-007.370000000000,   0.50400,
,,,-007.360000000000,   0.44800,
,,,-007.350000000000,   0.44800,
,,,-007.340000000000,   0.49600,
,,,-007.330000000000,   0.39200,
,,,-007.320000000000,   0.45600,
,,,-007.310000000000,   0.49600,
,,,-007.300000000000,   0.40000,
,,,-007.290000000000,   0.42400,
,,,-007.280000000000,   0.48800,
,,,-007.270000000000,   0.40000,
,,,-007.260000000000,   0.41600,
,,,-007.250000000000,   0.47200,
,,,-007.240000000000,   0.42400,
,,,-007.230000000000,   0.41600,
,,,-007.220000000000,   0.44000,
,,,-007.210000000000,   0.40800,
,,,-007.200000000000,   0.45600,
,,,-007.190000000000,   0.42400,
,,,-007.180000000000,   0.45600,
,,,-007.170000000000,   0.45600,
,,,-007.160000000000,   0.40800,
,,,-007.150000000000,   0.48000,
,,,-007.140000000000,   0.49600,
,,,-007.130000000000,   0.37600,
,,,-007.120000000000,   0.50400,
,,,-007.110000000000,   0.48000,
,,,-007.100000000000,   0.40000,
,,,-007.090000000000,   0.50400,
,,,-007.080000000000,   0.45600,
,,,-007.070000000000,   0.48000,
,,,-007.060000000000,   0.48000,
,,,-007.050000000000,   0.44800,
,,,-007.040000000000,   0.43200,
,,,-007.030000000000,   0.40000,
,,,-007.020000000000,   0.43200,
,,,-007.010000000000,   0.44000,
,,,-007.000000000000,   0.41600,
,,,-006.990000000000,   0.42400,
,,,-006.980000000000,   0.48000,
,,,-006.970000000000,   0.43200,
,,,-006.960000000000,   0.40800,
,,,-006.950000000000,   0.49600,
,,,-006.940000000000,   0.42400,
,,,-006.930000000000,   0.40000,
,,,-006.920000000000,   0.48800,
,,,-006.910000000000,   0.43200,
,,,-006.900000000000,   0.44800,
,,,-006.890000000000,   0.49600,
,,,-006.880000000000,   0.44800,
,,,-006.870000000000,   0.46400,
,,,-006.860000000000,   0.45600,
,,,-006.850000000000,   0.44000,
,,,-006.840000000000,   0.49600,
,,,-006.830000000000,   0.37600,
,,,-006.820000000000,   0.47200,
,,,-006.810000000000,   0.46400,
,,,-006.800000000000,   0.40800,
,,,-006.790000000000,   0.45600,
,,,-006.780000000000,   0.47200,
,,,-006.770000000000,   0.40000,
,,,-006.760000000000,   0.45600,
,,,-006.750000000000,   0.46400,
,,,-006.740000000000,   0.38400,
,,,-006.730000000000,   0.45600,
,,,-006.720000000000,   0.45600,
,,,-006.710000000000,   0.40000,
,,,-006.700000000000,   0.46400,
,,,-006.690000000000,   0.46400,
,,,-006.680000000000,   0.44800,
,,,-006.670000000000,   0.44800,
,,,-006.660000000000,   0.42400,
,,,-006.650000000000,   0.47200,
,,,-006.640000000000,   0.40800,
,,,-006.630000000000,   0.38400,
,,,-006.620000000000,   0.52000,
,,,-006.610000000000,   0.44800,
,,,-006.600000000000,   0.40800,
,,,-006.590000000000,   0.51200,
,,,-006.580000000000,   0.42400,
,,,-006.570000000000,   0.44000,
,,,-006.560000000000,   0.49600,
,,,-006.550000000000,   0.40800,
,,,-006.540000000000,   0.42400,
,,,-006.530000000000,   0.44000,
,,,-006.520000000000,   0.42400,
,,,-006.510000000000,   0.41600,
,,,-006.500000000000,   0.43200,
,,,-006.490000000000,   0.42400,
,,,-006.480000000000,   0.44800,
,,,-006.470000000000,   0.41600,
,,,-006.460000000000,   0.44800,
,,,-006.450000000000,   0.45600,
,,,-006.440000000000,   0.40000,
,,,-006.430000000000,   0.47200,
,,,-006.420000000000,   0.48800,
,,,-006.410000000000,   0.40000,
,,,-006.400000000000,   0.47200,
,,,-006.390000000000,   0.50400,
,,,-006.380000000000,   0.40000,
,,,-006.370000000000,   0.48000,
,,,-006.360000000000,   0.44000,
,,,-006.350000000000,   0.44000,
,,,-006.340000000000,   0.45600,
,,,-006.330000000000,   0.43200,
,,,-006.320000000000,   0.46400,
,,,-006.310000000000,   0.44000,
,,,-006.300000000000,   0.42400,
,,,-006.290000000000,   0.48000,
,,,-006.280000000000,   0.39200,
,,,-006.270000000000,   0.42400,
,,,-006.260000000000,   0.48000,
,,,-006.250000000000,   0.41600,
,,,-006.240000000000,   0.46400,
,,,-006.230000000000,   0.48000,
,,,-006.220000000000,   0.44800,
,,,-006.210000000000,   0.42400,
,,,-006.200000000000,   0.52800,
,,,-006.190000000000,   0.43200,
,,,-006.180000000000,   0.45600,
,,,-006.170000000000,   0.43200,
,,,-006.160000000000,   0.44800,
,,,-006.150000000000,   0.48000,
,,,-006.140000000000,   0.44800,
,,,-006.130000000000,   0.44800,
,,,-006.120000000000,   0.50400,
,,,-006.110000000000,   0.40800,
,,,-006.100000000000,   0.48000,
,,,-006.090000000000,   0.49600,
,,,-006.080000000000,   0.39200,
,,,-006.070000000000,   0.47200,
,,,-006.060000000000,   0.45600,
,,,-006.050000000000,   0.40000,
,,,-006.040000000000,   0.45600,
,,,-006.030000000000,   0.42400,
,,,-006.020000000000,   0.48000,
,,,-006.010000000000,   0.43200,
,,,-006.000000000000,   0.40800,
,,,-005.990000000000,   0.49600,
,,,-005.980000000000,   0.41600,
,,,-005.970000000000,   0.40800,
,,,-005.960000000000,   0.49600,
,,,-005.950000000000,   0.44800,
,,,-005.940000000000,   0.40800,
,,,-005.930000000000,   0.48800,
,,,-005.920000000000,   0.45600,
,,,-005.910000000000,   0.44800,
,,,-005.900000000000,   0.49600,
,,,-005.890000000000,   0.45600,
,,,-005.880000000000,   0.44000,
,,,-005.870000000000,   0.44800,
,,,-005.860000000000,   0.44800,
,,,-005.850000000000,   0.48800,
,,,-005.840000000000,   0.40000,
,,,-005.830000000000,   0.44800,
,,,-005.820000000000,   0.48000,
,,,-005.810000000000,   0.39200,
,,,-005.800000000000,   0.44800,
,,,-005.790000000000,   0.50400,
,,,-005.780000000000,   0.37600,
,,,-005.770000000000,   0.44800,
,,,-005.760000000000,   0.44800,
,,,-005.750000000000,   0.40000,
,,,-005.740000000000,   0.44800,
,,,-005.730000000000,   0.43200,
,,,-005.720000000000,   0.48000,
,,,-005.710000000000,   0.44000,
,,,-005.700000000000,   0.43200,
,,,-005.690000000000,   0.47200,
,,,-005.680000000000,   0.45600,
,,,-005.670000000000,   0.44000,
,,,-005.660000000000,   0.52000,
,,,-005.650000000000,   0.43200,
,,,-005.640000000000,   0.43200,
,,,-005.630000000000,   0.50400,
,,,-005.620000000000,   0.45600,
,,,-005.610000000000,   0.44000,
,,,-005.600000000000,   0.48800,
,,,-005.590000000000,   0.43200,
,,,-005.580000000000,   0.44800,
,,,-005.570000000000,   0.44800,
,,,-005.560000000000,   0.43200,
,,,-005.550000000000,   0.47200,
,,,-005.540000000000,   0.40000,
,,,-005.530000000000,   0.40000,
,,,-005.520000000000,   0.48800,
,,,-005.510000000000,   0.38400,
,,,-005.500000000000,   0.44800,
,,,-005.490000000000,   0.48800,
,,,-005.480000000000,   0.38400,
,,,-005.470000000000,   0.48000,
,,,-005.460000000000,   0.45600,
,,,-005.450000000000,   0.41600,
,,,-005.440000000000,   0.47200,
,,,-005.430000000000,   0.45600,
,,,-005.420000000000,   0.49600,
,,,-005.410000000000,   0.44800,
,,,-005.400000000000,   0.44000,
,,,-005.390000000000,   0.48000,
,,,-005.380000000000,   0.44800,
,,,-005.370000000000,   0.40800,
,,,-005.360000000000,   0.50400,
,,,-005.350000000000,   0.43200,
,,,-005.340000000000,   0.40000,
,,,-005.330000000000,   0.50400,
,,,-005.320000000000,   0.44800,
,,,-005.310000000000,   0.38400,
,,,-005.300000000000,   0.49600,
,,,-005.290000000000,   0.42400,
,,,-005.280000000000,   0.42400,
,,,-005.270000000000,   0.44800,
,,,-005.260000000000,   0.40800,
,,,-005.250000000000,   0.43200,
,,,-005.240000000000,   0.43200,
,,,-005.230000000000,   0.44000,
,,,-005.220000000000,   0.48800,
,,,-005.210000000000,   0.40000,
,,,-005.200000000000,   0.46400,
,,,-005.190000000000,   0.51200,
,,,-005.180000000000,   0.40000,
,,,-005.170000000000,   0.50400,
,,,-005.160000000000,   0.48800,
,,,-005.150000000000,   0.40000,
,,,-005.140000000000,   0.48000,
,,,-005.130000000000,   0.47200,
,,,-005.120000000000,   0.44800,
,,,-005.110000000000,   0.46400,
,,,-005.100000000000,   0.46400,
,,,-005.090000000000,   0.42400,
,,,-005.080000000000,   0.44800,
,,,-005.070000000000,   0.44000,
,,,-005.060000000000,   0.44800,
,,,-005.050000000000,   0.42400,
,,,-005.040000000000,   0.41600,
,,,-005.030000000000,   0.49600,
,,,-005.020000000000,   0.41600,
,,,-005.010000000000,   0.39200,
,,,-005.000000000000,   0.48800,
,,,-004.990000000000,   0.44800,
,,,-004.980000000000,   0.40000,
,,,-004.970000000000,   0.49600,
,,,-004.960000000000,   0.42400,
,,,-004.950000000000,   0.44000,
,,,-004.940000000000,   0.51200,
,,,-004.930000000000,   0.40800,
,,,-004.920000000000,   0.50400,
,,,-004.910000000000,   0.45600,
,,,-004.900000000000,   0.47200,
,,,-004.890000000000,   0.45600,
,,,-004.880000000000,   0.43200,
,,,-004.870000000000,   0.46400,
,,,-004.860000000000,   0.47200,
,,,-004.850000000000,   0.40000,
,,,-004.840000000000,   0.48000,
,,,-004.830000000000,   0.44800,
,,,-004.820000000000,   0.39200,
,,,-004.810000000000,   0.44800,
,,,-004.800000000000,   0.47200,
,,,-004.790000000000,   0.38400,
,,,-004.780000000000,   0.47200,
,,,-004.770000000000,   0.42400,
,,,-004.760000000000,   0.41600,
,,,-004.750000000000,   0.48000,
,,,-004.740000000000,   0.45600,
,,,-004.730000000000,   0.43200,
,,,-004.720000000000,   0.44000,
,,,-004.710000000000,   0.44000,
,,,-004.700000000000,   0.48000,
,,,-004.690000000000,   0.44800,
,,,-004.680000000000,   0.42400,
,,,-004.670000000000,   0.51200,
,,,-004.660000000000,   0.44000,
,,,-004.650000000000,   0.43200,
,,,-004.640000000000,   0.52800,
,,,-004.630000000000,   0.43200,
,,,-004.620000000000,   0.44800,
,,,-004.610000000000,   0.48800,
,,,-004.600000000000,   0.41600,
,,,-004.590000000000,   0.41600,
,,,-004.580000000000,   0.48800,
,,,-004.570000000000,   0.42400,
,,,-004.560000000000,   0.44000,
,,,-004.550000000000,   0.46400,
,,,-004.540000000000,   0.41600,
,,,-004.530000000000,   0.42400,
,,,-004.520000000000,   0.42400,
,,,-004.510000000000,   0.44000,
,,,-004.500000000000,   0.46400,
,,,-004.490000000000,   0.44000,
,,,-004.480000000000,   0.44800,
,,,-004.470000000000,   0.47200,
,,,-004.460000000000,   0.40800,
,,,-004.450000000000,   0.48800,
,,,-004.440000000000,   0.49600,
,,,-004.430000000000,   0.36800,
,,,-004.420000000000,   0.50400,
,,,-004.410000000000,   0.44800,
,,,-004.400000000000,   0.40800,
,,,-004.390000000000,   0.48000,
,,,-004.380000000000,   0.45600,
,,,-004.370000000000,   0.41600,
,,,-004.360000000000,   0.45600,
,,,-004.350000000000,   0.45600,
,,,-004.340000000000,   0.41600,
,,,-004.330000000000,   0.45600,
,,,-004.320000000000,   0.44800,
,,,-004.310000000000,   0.42400,
,,,-004.300000000000,   0.45600,
,,,-004.290000000000,   0.44000,
,,,-004.280000000000,   0.46400,
,,,-004.270000000000,   0.41600,
,,,-004.260000000000,   0.42400,
,,,-004.250000000000,   0.45600,
,,,-004.240000000000,   0.43200,
,,,-004.230000000000,   0.43200,
,,,-004.220000000000,   0.52800,
,,,-004.210000000000,   0.40800,
,,,-004.200000000000,   0.42400,
,,,-004.190000000000,   0.51200,
,,,-004.180000000000,   0.41600,
,,,-004.170000000000,   0.44800,
,,,-004.160000000000,   0.48000,
,,,-004.150000000000,   0.41600,
,,,-004.140000000000,   0.45600,
,,,-004.130000000000,   0.49600,
,,,-004.120000000000,   0.42400,
,,,-004.110000000000,   0.44800,
,,,-004.100000000000,   0.49600,
,,,-004.090000000000,   0.40800,
,,,-004.080000000000,   0.41600,
,,,-004.070000000000,   0.44000,
,,,-004.060000000000,   0.42400,
,,,-004.050000000000,   0.45600,
,,,-004.040000000000,   0.43200,
,,,-004.030000000000,   0.44000,
,,,-004.020000000000,   0.45600,
,,,-004.010000000000,   0.40800,
,,,-004.000000000000,   0.45600,
,,,-003.990000000000,   0.45600,
,,,-003.980000000000,   0.42400,
,,,-003.970000000000,   0.51200,
,,,-003.960000000000,   0.47200,
,,,-003.950000000000,   0.40000,
,,,-003.940000000000,   0.51200,
,,,-003.930000000000,   0.45600,
,,,-003.920000000000,   0.42400,
,,,-003.910000000000,   0.47200,
,,,-003.900000000000,   0.47200,
,,,-003.890000000000,   0.40000,
,,,-003.880000000000,   0.51200,
,,,-003.870000000000,   0.44800,
,,,-003.860000000000,   0.42400,
,,,-003.850000000000,   0.48800,
,,,-003.840000000000,   0.42400,
,,,-003.830000000000,   0.40000,
,,,-003.820000000000,   0.46400,
,,,-003.810000000000,   0.42400,
,,,-003.800000000000,   0.40000,
,,,-003.790000000000,   0.48000,
,,,-003.780000000000,   0.43200,
,,,-003.770000000000,   0.47200,
,,,-003.760000000000,   0.42400,
,,,-003.750000000000,   0.45600,
,,,-003.740000000000,   0.44800,
,,,-003.730000000000,   0.43200,
,,,-003.720000000000,   0.46400,
,,,-003.710000000000,   0.48800,
,,,-003.700000000000,   0.44800,
,,,-003.690000000000,   0.45600,
,,,-003.680000000000,   0.48000,
,,,-003.670000000000,   0.41600,
,,,-003.660000000000,   0.44800,
,,,-003.650000000000,   0.50400,
,,,-003.640000000000,   0.41600,
,,,-003.630000000000,   0.47200,
,,,-003.620000000000,   0.51200,
,,,-003.610000000000,   0.37600,
,,,-003.600000000000,   0.44800,
,,,-003.590000000000,   0.48000,
,,,-003.580000000000,   0.39200,
,,,-003.570000000000,   0.46400,
,,,-003.560000000000,   0.43200,
,,,-003.550000000000,   0.39200,
,,,-003.540000000000,   0.46400,
,,,-003.530000000000,   0.47200,
,,,-003.520000000000,   0.41600,
,,,-003.510000000000,   0.45600,
,,,-003.500000000000,   0.46400,
,,,-003.490000000000,   0.41600,
,,,-003.480000000000,   0.45600,
,,,-003.470000000000,   0.48000,
,,,-003.460000000000,   0.45600,
,,,-003.450000000000,   0.48800,
,,,-003.440000000000,   0.46400,
,,,-003.430000000000,   0.47200,
,,,-003.420000000000,   0.44800,
,,,-003.410000000000,   0.40800,
,,,-003.400000000000,   0.46400,
,,,-003.390000000000,   0.44800,
,,,-003.380000000000,   0.42400,
,,,-003.370000000000,   0.49600,
,,,-003.360000000000,   0.41600,
,,,-003.350000000000,   0.40800,
,,,-003.340000000000,   0.47200,
,,,-003.330000000000,   0.40000,
,,,-003.320000000000,   0.41600,
,,,-003.310000000000,   0.47200,
,,,-003.300000000000,   0.40800,
,,,-003.290000000000,   0.42400,
,,,-003.280000000000,   0.50400,
,,,-003.270000000000,   0.42400,
,,,-003.260000000000,   0.42400,
,,,-003.250000000000,   0.51200,
,,,-003.240000000000,   0.44000,
,,,-003.230000000000,   0.44800,
,,,-003.220000000000,   0.50400,
,,,-003.210000000000,   0.41600,
,,,-003.200000000000,   0.44800,
,,,-003.190000000000,   0.51200,
,,,-003.180000000000,   0.40000,
,,,-003.170000000000,   0.46400,
,,,-003.160000000000,   0.44000,
,,,-003.150000000000,   0.42400,
,,,-003.140000000000,   0.44800,
,,,-003.130000000000,   0.46400,
,,,-003.120000000000,   0.43200,
,,,-003.110000000000,   0.42400,
,,,-003.100000000000,   0.44800,
,,,-003.090000000000,   0.40000,
,,,-003.080000000000,   0.46400,
,,,-003.070000000000,   0.42400,
,,,-003.060000000000,   0.44000,
,,,-003.050000000000,   0.44000,
,,,-003.040000000000,   0.44800,
,,,-003.030000000000,   0.45600,
,,,-003.020000000000,   0.45600,
,,,-003.010000000000,   0.40800,
,,,-003.000000000000,   0.48800,
,,,-002.990000000000,   0.45600,
,,,-002.980000000000,   0.42400,
,,,-002.970000000000,   0.51200,
,,,-002.960000000000,   0.44800,
,,,-002.950000000000,   0.44800,
,,,-002.940000000000,   0.48000,
,,,-002.930000000000,   0.45600,
,,,-002.920000000000,   0.40800,
,,,-002.910000000000,   0.47200,
,,,-002.900000000000,   0.44800,
,,,-002.890000000000,   0.41600,
,,,-002.880000000000,   0.48800,
,,,-002.870000000000,   0.44000,
,,,-002.860000000000,   0.40000,
,,,-002.850000000000,   0.48000,
,,,-002.840000000000,   0.43200,
,,,-002.830000000000,   0.38400,
,,,-002.820000000000,   0.51200,
,,,-002.810000000000,   0.40800,
,,,-002.800000000000,   0.42400,
,,,-002.790000000000,   0.48800,
,,,-002.780000000000,   0.43200,
,,,-002.770000000000,   0.44000,
,,,-002.760000000000,   0.46400,
,,,-002.750000000000,   0.44000,
,,,-002.740000000000,   0.42400,
,,,-002.730000000000,   0.50400,
,,,-002.720000000000,   0.44000,
,,,-002.710000000000,   0.46400,
,,,-002.700000000000,   0.47200,
,,,-002.690000000000,   0.47200,
,,,-002.680000000000,   0.44800,
,,,-002.670000000000,   0.44800,
,,,-002.660000000000,   0.47200,
,,,-002.650000000000,   0.46400,
,,,-002.640000000000,   0.44800,
,,,-002.630000000000,   0.46400,
,,,-002.620000000000,   0.48800,
,,,-002.610000000000,   0.40000,
,,,-002.600000000000,   0.46400,
,,,-002.590000000000,   0.45600,
,,,-002.580000000000,   0.41600,
,,,-002.570000000000,   0.48000,
,,,-002.560000000000,   0.44800,
,,,-002.550000000000,   0.39200,
,,,-002.540000000000,   0.48800,
,,,-002.530000000000,   0.46400,
,,,-002.520000000000,   0.40000,
,,,-002.510000000000,   0.48000,
,,,-002.500000000000,   0.46400,
,,,-002.490000000000,   0.39200,
,,,-002.480000000000,   0.49600,
,,,-002.470000000000,   0.47200,
,,,-002.460000000000,   0.41600,
,,,-002.450000000000,   0.51200,
,,,-002.440000000000,   0.46400,
,,,-002.430000000000,   0.40000,
,,,-002.420000000000,   0.49600,
,,,-002.410000000000,   0.44800,
,,,-002.400000000000,   0.42400,
,,,-002.390000000000,   0.48000,
,,,-002.380000000000,   0.40800,
,,,-002.370000000000,   0.43200,
,,,-002.360000000000,   0.42400,
,,,-002.350000000000,   0.44800,
,,,-002.340000000000,   0.41600,
,,,-002.330000000000,   0.44800,
,,,-002.320000000000,   0.44000,
,,,-002.310000000000,   0.44000,
,,,-002.300000000000,   0.44800,
,,,-002.290000000000,   0.44000,
,,,-002.280000000000,   0.47200,
,,,-002.270000000000,   0.43200,
,,,-002.260000000000,   0.44800,
,,,-002.250000000000,   0.48000,
,,,-002.240000000000,   0.44800,
,,,-002.230000000000,   0.46400,
,,,-002.220000000000,   0.52000,
,,,-002.210000000000,   0.40800,
,,,-002.200000000000,   0.44800,
,,,-002.190000000000,   0.46400,
,,,-002.180000000000,   0.40000,
,,,-002.170000000000,   0.49600,
,,,-002.160000000000,   0.48000,
,,,-002.150000000000,   0.40000,
,,,-002.140000000000,   0.44800,
,,,-002.130000000000,   0.46400,
,,,-002.120000000000,   0.39200,
,,,-002.110000000000,   0.44800,
,,,-002.100000000000,   0.48000,
,,,-002.090000000000,   0.40000,
,,,-002.080000000000,   0.46400,
,,,-002.070000000000,   0.47200,
,,,-002.060000000000,   0.40800,
,,,-002.050000000000,   0.48000,
,,,-002.040000000000,   0.49600,
,,,-002.030000000000,   0.39200,
,,,-002.020000000000,   0.49600,
,,,-002.010000000000,   0.42400,
,,,-002.000000000000,   0.42400,
,,,-001.990000000000,   0.50400,
,,,-001.980000000000,   0.48000,
,,,-001.970000000000,   0.42400,
,,,-001.960000000000,   0.48000,
,,,-001.950000000000,   0.48000,
,,,-001.940000000000,   0.40000,
,,,-001.930000000000,   0.49600,
,,,-001.920000000000,   0.45600,
,,,-001.910000000000,   0.44800,
,,,-001.900000000000,   0.46400,
,,,-001.890000000000,   0.43200,
,,,-001.880000000000,   0.42400,
,,,-001.870000000000,   0.45600,
,,,-001.860000000000,   0.40800,
,,,-001.850000000000,   0.45600,
,,,-001.840000000000,   0.44800,
,,,-001.830000000000,   0.42400,
,,,-001.820000000000,   0.46400,
,,,-001.810000000000,   0.40000,
,,,-001.800000000000,   0.44800,
,,,-001.790000000000,   0.45600,
,,,-001.780000000000,   0.43200,
,,,-001.770000000000,   0.44800,
,,,-001.760000000000,   0.50400,
,,,-001.750000000000,   0.42400,
,,,-001.740000000000,   0.44800,
,,,-001.730000000000,   0.48000,
,,,-001.720000000000,   0.43200,
,,,-001.710000000000,   0.43200,
,,,-001.700000000000,   0.51200,
,,,-001.690000000000,   0.40800,
,,,-001.680000000000,   0.44800,
,,,-001.670000000000,   0.51200,
,,,-001.660000000000,   0.39200,
,,,-001.650000000000,   0.44000,
,,,-001.640000000000,   0.48800,
,,,-001.630000000000,   0.39200,
,,,-001.620000000000,   0.44000,
,,,-001.610000000000,   0.46400,
,,,-001.600000000000,   0.41600,
,,,-001.590000000000,   0.43200,
,,,-001.580000000000,   0.48800,
,,,-001.570000000000,   0.38400,
,,,-001.560000000000,   0.44800,
,,,-001.550000000000,   0.48800,
,,,-001.540000000000,   0.40000,
,,,-001.530000000000,   0.44800,
,,,-001.520000000000,   0.48800,
,,,-001.510000000000,   0.40800,
,,,-001.500000000000,   0.47200,
,,,-001.490000000000,   0.47200,
,,,-001.480000000000,   0.40000,
,,,-001.470000000000,   0.48000,
,,,-001.460000000000,   0.48000,
,,,-001.450000000000,   0.42400,
,,,-001.440000000000,   0.45600,
,,,-001.430000000000,   0.48800,
,,,-001.420000000000,   0.40000,
,,,-001.410000000000,   0.44800,
,,,-001.400000000000,   0.45600,
,,,-001.390000000000,   0.40800,
,,,-001.380000000000,   0.45600,
,,,-001.370000000000,   0.40800,
,,,-001.360000000000,   0.40800,
,,,-001.350000000000,   0.44800,
,,,-001.340000000000,   0.45600,
,,,-001.330000000000,   0.39200,
,,,-001.320000000000,   0.45600,
,,,-001.310000000000,   0.42400,
,,,-001.300000000000,   0.44800,
,,,-001.290000000000,   0.48800,
,,,-001.280000000000,   0.48000,
,,,-001.270000000000,   0.44800,
,,,-001.260000000000,   0.44800,
,,,-001.250000000000,   0.45600,
,,,-001.240000000000,   0.45600,
,,,-001.230000000000,   0.46400,
,,,-001.220000000000,   0.45600,
,,,-001.210000000000,   0.47200,
,,,-001.200000000000,   0.44000,
,,,-001.190000000000,   0.43200,
,,,-001.180000000000,   0.44800,
,,,-001.170000000000,   0.46400,
,,,-001.160000000000,   0.39200,
,,,-001.150000000000,   0.46400,
,,,-001.140000000000,   0.44000,
,,,-001.130000000000,   0.40800,
,,,-001.120000000000,   0.50400,
,,,-001.110000000000,   0.38400,
,,,-001.100000000000,   0.42400,
,,,-001.090000000000,   0.46400,
,,,-001.080000000000,   0.40000,
,,,-001.070000000000,   0.42400,
,,,-001.060000000000,   0.49600,
,,,-001.050000000000,   0.42400,
,,,-001.040000000000,   0.42400,
,,,-001.030000000000,   0.52000,
,,,-001.020000000000,   0.41600,
,,,-001.010000000000,   0.44000,
,,,-001.000000000000,   0.50400,
,,,-000.990000000000,   0.43200,
,,,-000.980000000000,   0.44000,
,,,-000.970000000000,   0.52800,
,,,-000.960000000000,   0.40000,
,,,-000.950000000000,   0.46400,
,,,-000.940000000000,   0.48000,
,,,-000.930000000000,   0.41600,
,,,-000.920000000000,   0.42400,
,,,-000.910000000000,   0.46400,
,,,-000.900000000000,   0.40800,
,,,-000.890000000000,   0.42400,
,,,-000.880000000000,   0.45600,
,,,-000.870000000000,   0.43200,
,,,-000.860000000000,   0.41600,
,,,-000.850000000000,   0.42400,
,,,-000.840000000000,   0.40000,
,,,-000.830000000000,   0.44000,
,,,-000.820000000000,   0.44000,
,,,-000.810000000000,   0.46400,
,,,-000.800000000000,   0.48000,
,,,-000.790000000000,   0.44800,
,,,-000.780000000000,   0.46400,
,,,-000.770000000000,   0.48000,
,,,-000.760000000000,   0.39200,
,,,-000.750000000000,   0.50400,
,,,-000.740000000000,   0.47200,
,,,-000.730000000000,   0.42400,
,,,-000.720000000000,   0.53600,
,,,-000.710000000000,   0.44800,
,,,-000.700000000000,   0.41600,
,,,-000.690000000000,   0.49600,
,,,-000.680000000000,   0.42400,
,,,-000.670000000000,   0.39200,
,,,-000.660000000000,   0.45600,
,,,-000.650000000000,   0.44800,
,,,-000.640000000000,   0.38400,
,,,-000.630000000000,   0.44800,
,,,-000.620000000000,   0.45600,
,,,-000.610000000000,   0.40800,
,,,-000.600000000000,   0.46400,
,,,-000.590000000000,   0.42400,
,,,-000.580000000000,   0.42400,
,,,-000.570000000000,   0.46400,
,,,-000.560000000000,   0.43200,
,,,-000.550000000000,   0.44800,
,,,-000.540000000000,   0.48000,
,,,-000.530000000000,   0.43200,
,,,-000.520000000000,   0.47200,
,,,-000.510000000000,   0.40000,
,,,-000.500000000000,   0.44800,
,,,-000.490000000000,   0.49600,
,,,-000.480000000000,   0.44800,
,,,-000.470000000000,   0.45600,
,,,-000.460000000000,   0.49600,
,,,-000.450000000000,   0.43200,
,,,-000.440000000000,   0.42400,
,,,-000.430000000000,   0.47200,
,,,-000.420000000000,   0.40000,
,,,-000.410000000000,   0.44800,
,,,-000.400000000000,   0.47200,
,,,-000.390000000000,   0.40800,
,,,-000.380000000000,   0.42400,
,,,-000.370000000000,   0.46400,
,,,-000.360000000000,   0.36800,
,,,-000.350000000000,   0.45600,
,,,-000.340000000000,   0.48800,
,,,-000.330000000000,   0.39200,
,,,-000.320000000000,   0.44800,
,,,-000.310000000000,   0.46400,
,,,-000.300000000000,   0.46400,
,,,-000.290000000000,   0.44800,
,,,-000.280000000000,   0.48800,
,,,-000.270000000000,   0.44800,
,,,-000.260000000000,   0.47200,
,,,-000.250000000000,   0.45600,
,,,-000.240000000000,   0.47200,
,,,-000.230000000000,   0.45600,
,,,-000.220000000000,   0.44000,
,,,-000.210000000000,   0.47200,
,,,-000.200000000000,   0.45600,
,,,-000.190000000000,   0.41600,
,,,-000.180000000000,   0.47200,
,,,-000.170000000000,   0.45600,
,,,-000.160000000000,   0.37600,
,,,-000.150000000000,   0.48000,
,,,-000.140000000000,   0.44800,
,,,-000.130000000000,   0.37600,
,,,-000.120000000000,   0.48000,
,,,-000.110000000000,   0.43200,
,,,-000.100000000000,   0.44800,
,,,-000.090000000000,   0.47200,
,,,-000.080000000000,   0.43200,
,,,-000.070000000000,   0.42400,
,,,-000.060000000000,   0.46400,
,,,-000.050000000000,   0.43200,
,,,-000.040000000000,   0.42400,
,,,-000.030000000000,   0.48800,
,,,-000.020000000000,   0.48000,
,,,-000.010000000000,   0.44800,
,,,-000.000000000000,   0.44800,
,,,000.010000000000,   0.44000,
,,,000.020000000000,   0.48000,
,,,000.030000000000,   0.44000,
,,,000.040000000000,   0.43200,
,,,000.050000000000,   0.47200,
,,,000.060000000000,   0.42400,
,,,000.070000000000,   0.41600,
,,,000.080000000000,   0.48000,
,,,000.090000000000,   0.38400,
,,,000.100000000000,   0.44800,
,,,000.110000000000,   0.48800,
,,,000.120000000000,   0.38400,
,,,000.130000000000,   0.44800,
,,,000.140000000000,   0.47200,
,,,000.150000000000,   0.44000,
,,,000.160000000000,   0.44000,
,,,000.170000000000,   0.48800,
,,,000.180000000000,   0.42400,
,,,000.190000000000,   0.45600,
,,,000.200000000000,   0.44800,
,,,000.210000000000,   0.47200,
,,,000.220000000000,   0.45600,
,,,000.230000000000,   0.44800,
,,,000.240000000000,   0.48000,
,,,000.250000000000,   0.46400,
,,,000.260000000000,   0.40800,
,,,000.270000000000,   0.49600,
,,,000.280000000000,   0.46400,
,,,000.290000000000,   0.38400,
,,,000.300000000000,   0.47200,
,,,000.310000000000,   0.42400,
,,,000.320000000000,   0.37600,
,,,000.330000000000,   0.49600,
,,,000.340000000000,   0.42400,
,,,000.350000000000,   0.44000,
,,,000.360000000000,   0.44800,
,,,000.370000000000,   0.40800,
,,,000.380000000000,   0.44000,
,,,000.390000000000,   0.39200,
,,,000.400000000000,   0.44000,
,,,000.410000000000,   0.45600,
,,,000.420000000000,   0.44000,
,,,000.430000000000,   0.44800,
,,,000.440000000000,   0.48800,
,,,000.450000000000,   0.43200,
,,,000.460000000000,   0.44800,
,,,000.470000000000,   0.48000,
,,,000.480000000000,   0.40000,
,,,000.490000000000,   0.46400,
,,,000.500000000000,   0.48800,
,,,000.510000000000,   0.40800,
,,,000.520000000000,   0.47200,
,,,000.530000000000,   0.48800,
,,,000.540000000000,   0.40000,
,,,000.550000000000,   0.48000,
,,,000.560000000000,   0.46400,
,,,000.570000000000,   0.40800,
,,,000.580000000000,   0.42400,
,,,000.590000000000,   0.39200,
,,,000.600000000000,   0.48000,
,,,000.610000000000,   0.43200,
,,,000.620000000000,   0.41600,
,,,000.630000000000,   0.44800,
,,,000.640000000000,   0.44000,
,,,000.650000000000,   0.40800,
,,,000.660000000000,   0.49600,
,,,000.670000000000,   0.44800,
,,,000.680000000000,   0.42400,
,,,000.690000000000,   0.48800,
,,,000.700000000000,   0.45600,
,,,000.710000000000,   0.40800,
,,,000.720000000000,   0.50400,
,,,000.730000000000,   0.44800,
,,,000.740000000000,   0.44800,
,,,000.750000000000,   0.47200,
,,,000.760000000000,   0.44000,
,,,000.770000000000,   0.42400,
,,,000.780000000000,   0.46400,
,,,000.790000000000,   0.43200,
,,,000.800000000000,   0.47200,
,,,000.810000000000,   0.41600,
,,,000.820000000000,   0.43200,
,,,000.830000000000,   0.46400,
,,,000.840000000000,   0.35200,
,,,000.850000000000,   0.48000,
,,,000.860000000000,   0.46400,
,,,000.870000000000,   0.39200,
,,,000.880000000000,   0.44800,
,,,000.890000000000,   0.47200,
,,,000.900000000000,   0.40800,
,,,000.910000000000,   0.45600,
,,,000.920000000000,   0.50400,
,,,000.930000000000,   0.41600,
,,,000.940000000000,   0.45600,
,,,000.950000000000,   0.48000,
,,,000.960000000000,   0.38400,
,,,000.970000000000,   0.48800,
,,,000.980000000000,   0.49600,
,,,000.990000000000,   0.44800,
,,,001.000000000000,   0.46400,
,,,001.010000000000,   0.44000,
,,,001.020000000000,   0.44800,
,,,001.030000000000,   0.44800,
,,,001.040000000000,   0.41600,
,,,001.050000000000,   0.47200,
,,,001.060000000000,   0.44000,
,,,001.070000000000,   0.40000,
,,,001.080000000000,   0.48800,
,,,001.090000000000,   0.40800,
,,,001.100000000000,   0.40800,
,,,001.110000000000,   0.49600,
,,,001.120000000000,   0.42400,
,,,001.130000000000,   0.39200,
,,,001.140000000000,   0.48800,
,,,001.150000000000,   0.45600,
,,,001.160000000000,   0.42400,
,,,001.170000000000,   0.51200,
,,,001.180000000000,   0.44800,
,,,001.190000000000,   0.44800,
,,,001.200000000000,   0.46400,
,,,001.210000000000,   0.44800,
,,,001.220000000000,   0.44800,
,,,001.230000000000,   0.49600,
,,,001.240000000000,   0.43200,
,,,001.250000000000,   0.48800,
,,,001.260000000000,   0.42400,
,,,001.270000000000,   0.44800,
,,,001.280000000000,   0.45600,
,,,001.290000000000,   0.40000,
,,,001.300000000000,   0.47200,
,,,001.310000000000,   0.45600,
,,,001.320000000000,   0.40000,
,,,001.330000000000,   0.45600,
,,,001.340000000000,   0.48000,
,,,001.350000000000,   0.38400,
,,,001.360000000000,   0.44800,
,,,001.370000000000,   0.48000,
,,,001.380000000000,   0.40000,
,,,001.390000000000,   0.43200,
,,,001.400000000000,   0.48800,
,,,001.410000000000,   0.40000,
,,,001.420000000000,   0.50400,
,,,001.430000000000,   0.48000,
,,,001.440000000000,   0.42400,
,,,001.450000000000,   0.49600,
,,,001.460000000000,   0.48800,
,,,001.470000000000,   0.42400,
,,,001.480000000000,   0.48000,
,,,001.490000000000,   0.44800,
,,,001.500000000000,   0.48000,
,,,001.510000000000,   0.45600,
,,,001.520000000000,   0.45600,
,,,001.530000000000,   0.44800,
,,,001.540000000000,   0.42400,
,,,001.550000000000,   0.42400,
,,,001.560000000000,   0.48000,
,,,001.570000000000,   0.43200,
,,,001.580000000000,   0.40000,
,,,001.590000000000,   0.48000,
,,,001.600000000000,   0.42400,
,,,001.610000000000,   0.40800,
,,,001.620000000000,   0.50400,
,,,001.630000000000,   0.41600,
,,,001.640000000000,   0.41600,
,,,001.650000000000,   0.51200,
,,,001.660000000000,   0.47200,
,,,001.670000000000,   0.44000,
,,,001.680000000000,   0.54400,
,,,001.690000000000,   0.44000,
,,,001.700000000000,   0.46400,
,,,001.710000000000,   0.47200,
,,,001.720000000000,   0.44800,
,,,001.730000000000,   0.44800,
,,,001.740000000000,   0.44000,
,,,001.750000000000,   0.48000,
,,,001.760000000000,   0.44800,
,,,001.770000000000,   0.44800,
,,,001.780000000000,   0.43200,
,,,001.790000000000,   0.46400,
,,,001.800000000000,   0.38400,
,,,001.810000000000,   0.47200,
,,,001.820000000000,   0.44800,
,,,001.830000000000,   0.40000,
,,,001.840000000000,   0.45600,
,,,001.850000000000,   0.46400,
,,,001.860000000000,   0.36800,
,,,001.870000000000,   0.48000,
,,,001.880000000000,   0.48000,
,,,001.890000000000,   0.38400,
,,,001.900000000000,   0.48800,
,,,001.910000000000,   0.46400,
,,,001.920000000000,   0.41600,
,,,001.930000000000,   0.48800,
,,,001.940000000000,   0.48000,
,,,001.950000000000,   0.44000,
,,,001.960000000000,   0.48000,
,,,001.970000000000,   0.46400,
,,,001.980000000000,   0.44800,
,,,001.990000000000,   0.44800,
,,,002.000000000000,   0.46400,
,,,002.010000000000,   0.45600,
,,,002.020000000000,   0.46400,
,,,002.030000000000,   0.40000,
,,,002.040000000000,   0.44800,
,,,002.050000000000,   0.41600,
,,,002.060000000000,   0.43200,
,,,002.070000000000,   0.48000,
,,,002.080000000000,   0.41600,
,,,002.090000000000,   0.40800,
,,,002.100000000000,   0.52000,
,,,002.110000000000,   0.40000,
,,,002.120000000000,   0.44000,
,,,002.130000000000,   0.51200,
,,,002.140000000000,   0.40000,
,,,002.150000000000,   0.44800,
,,,002.160000000000,   0.52000,
,,,002.170000000000,   0.44000,
,,,002.180000000000,   0.45600,
,,,002.190000000000,   0.49600,
,,,002.200000000000,   0.45600,
,,,002.210000000000,   0.45600,
,,,002.220000000000,   0.51200,
,,,002.230000000000,   0.42400,
,,,002.240000000000,   0.44800,
,,,002.250000000000,   0.46400,
,,,002.260000000000,   0.44800,
,,,002.270000000000,   0.46400,
,,,002.280000000000,   0.48800,
,,,002.290000000000,   0.42400,
,,,002.300000000000,   0.45600,
,,,002.310000000000,   0.42400,
,,,002.320000000000,   0.46400,
,,,002.330000000000,   0.45600,
,,,002.340000000000,   0.37600,
,,,002.350000000000,   0.52000,
,,,002.360000000000,   0.44000,
,,,002.370000000000,   0.40000,
,,,002.380000000000,   0.50400,
,,,002.390000000000,   0.44800,
,,,002.400000000000,   0.42400,
,,,002.410000000000,   0.50400,
,,,002.420000000000,   0.46400,
,,,002.430000000000,   0.42400,
,,,002.440000000000,   0.52000,
,,,002.450000000000,   0.48000,
,,,002.460000000000,   0.43200,
,,,002.470000000000,   0.50400,
,,,002.480000000000,   0.44800,
,,,002.490000000000,   0.41600,
,,,002.500000000000,   0.47200,
,,,002.510000000000,   0.44000,
,,,002.520000000000,   0.43200,
,,,002.530000000000,   0.49600,
,,,002.540000000000,   0.41600,
,,,002.550000000000,   0.45600,
,,,002.560000000000,   0.43200,
,,,002.570000000000,   0.44800,
,,,002.580000000000,   0.44000,
,,,002.590000000000,   0.39200,
,,,002.600000000000,   0.48000,
,,,002.610000000000,   0.47200,
,,,002.620000000000,   0.43200,
,,,002.630000000000,   0.47200,
,,,002.640000000000,   0.49600,
,,,002.650000000000,   0.39200,
,,,002.660000000000,   0.48000,
,,,002.670000000000,   0.50400,
,,,002.680000000000,   0.42400,
,,,002.690000000000,   0.47200,
,,,002.700000000000,   0.50400,
,,,002.710000000000,   0.40000,
,,,002.720000000000,   0.48800,
,,,002.730000000000,   0.48000,
,,,002.740000000000,   0.40000,
,,,002.750000000000,   0.48800,
,,,002.760000000000,   0.46400,
,,,002.770000000000,   0.40800,
,,,002.780000000000,   0.46400,
,,,002.790000000000,   0.44800,
,,,002.800000000000,   0.46400,
,,,002.810000000000,   0.42400,
,,,002.820000000000,   0.44800,
,,,002.830000000000,   0.42400,
,,,002.840000000000,   0.44800,
,,,002.850000000000,   0.42400,
,,,002.860000000000,   0.45600,
,,,002.870000000000,   0.44800,
,,,002.880000000000,   0.47200,
,,,002.890000000000,   0.49600,
,,,002.900000000000,   0.43200,
,,,002.910000000000,   0.45600,
,,,002.920000000000,   0.52000,
,,,002.930000000000,   0.44000,
,,,002.940000000000,   0.43200,
,,,002.950000000000,   0.53600,
,,,002.960000000000,   0.39200,
,,,002.970000000000,   0.43200,
,,,002.980000000000,   0.49600,
,,,002.990000000000,   0.39200,
,,,003.000000000000,   0.44800,
,,,003.010000000000,   0.48800,
,,,003.020000000000,   0.41600,
,,,003.030000000000,   0.44000,
,,,003.040000000000,   0.49600,
,,,003.050000000000,   0.42400,
,,,003.060000000000,   0.43200,
,,,003.070000000000,   0.48800,
,,,003.080000000000,   0.38400,
,,,003.090000000000,   0.44000,
,,,003.100000000000,   0.48800,
,,,003.110000000000,   0.42400,
,,,003.120000000000,   0.46400,
,,,003.130000000000,   0.49600,
,,,003.140000000000,   0.42400,
,,,003.150000000000,   0.46400,
,,,003.160000000000,   0.44000,
,,,003.170000000000,   0.44000,
,,,003.180000000000,   0.46400,
,,,003.190000000000,   0.44000,
,,,003.200000000000,   0.52800,
,,,003.210000000000,   0.44800,
,,,003.220000000000,   0.43200,
,,,003.230000000000,   0.45600,
,,,003.240000000000,   0.42400,
,,,003.250000000000,   0.42400,
,,,003.260000000000,   0.44800,
,,,003.270000000000,   0.44000,
,,,003.280000000000,   0.41600,
,,,003.290000000000,   0.48000,
,,,003.300000000000,   0.41600,
,,,003.310000000000,   0.40000,
,,,003.320000000000,   0.46400,
,,,003.330000000000,   0.44000,
,,,003.340000000000,   0.40800,
,,,003.350000000000,   0.49600,
,,,003.360000000000,   0.42400,
,,,003.370000000000,   0.42400,
,,,003.380000000000,   0.52800,
,,,003.390000000000,   0.42400,
,,,003.400000000000,   0.44000,
,,,003.410000000000,   0.51200,
,,,003.420000000000,   0.44000,
,,,003.430000000000,   0.44800,
,,,003.440000000000,   0.50400,
,,,003.450000000000,   0.43200,
,,,003.460000000000,   0.42400,
,,,003.470000000000,   0.53600,
,,,003.480000000000,   0.40800,
,,,003.490000000000,   0.44800,
,,,003.500000000000,   0.47200,
,,,003.510000000000,   0.42400,
,,,003.520000000000,   0.44000,
,,,003.530000000000,   0.48000,
,,,003.540000000000,   0.40800,
,,,003.550000000000,   0.44000,
,,,003.560000000000,   0.44800,
,,,003.570000000000,   0.41600,
,,,003.580000000000,   0.44800,
,,,003.590000000000,   0.44000,
,,,003.600000000000,   0.44800,
,,,003.610000000000,   0.43200,
,,,003.620000000000,   0.46400,
,,,003.630000000000,   0.43200,
,,,003.640000000000,   0.44800,
,,,003.650000000000,   0.42400,
,,,003.660000000000,   0.47200,
,,,003.670000000000,   0.48000,
,,,003.680000000000,   0.44800,
,,,003.690000000000,   0.48000,
,,,003.700000000000,   0.48000,
,,,003.710000000000,   0.42400,
,,,003.720000000000,   0.46400,
,,,003.730000000000,   0.44800,
,,,003.740000000000,   0.40000,
,,,003.750000000000,   0.49600,
,,,003.760000000000,   0.42400,
,,,003.770000000000,   0.40000,
,,,003.780000000000,   0.48800,
,,,003.790000000000,   0.42400,
,,,003.800000000000,   0.40800,
,,,003.810000000000,   0.47200,
,,,003.820000000000,   0.42400,
,,,003.830000000000,   0.39200,
,,,003.840000000000,   0.49600,
,,,003.850000000000,   0.45600,
,,,003.860000000000,   0.40000,
,,,003.870000000000,   0.51200,
,,,003.880000000000,   0.44800,
,,,003.890000000000,   0.39200,
,,,003.900000000000,   0.51200,
,,,003.910000000000,   0.43200,
,,,003.920000000000,   0.42400,
,,,003.930000000000,   0.50400,
,,,003.940000000000,   0.44000,
,,,003.950000000000,   0.44000,
,,,003.960000000000,   0.46400,
,,,003.970000000000,   0.44800,
,,,003.980000000000,   0.40800,
,,,003.990000000000,   0.48800,
,,,004.000000000000,   0.44800,
,,,004.010000000000,   0.43200,
,,,004.020000000000,   0.44000,
,,,004.030000000000,   0.42400,
,,,004.040000000000,   0.42400,
,,,004.050000000000,   0.43200,
,,,004.060000000000,   0.43200,
,,,004.070000000000,   0.44000,
,,,004.080000000000,   0.44800,
,,,004.090000000000,   0.43200,
,,,004.100000000000,   0.47200,
,,,004.110000000000,   0.40800,
,,,004.120000000000,   0.48000,
,,,004.130000000000,   0.47200,
,,,004.140000000000,   0.43200,
,,,004.150000000000,   0.50400,
,,,004.160000000000,   0.47200,
,,,004.170000000000,   0.42400,
,,,004.180000000000,   0.48000,
,,,004.190000000000,   0.48000,
,,,004.200000000000,   0.40000,
,,,004.210000000000,   0.47200,
,,,004.220000000000,   0.45600,
,,,004.230000000000,   0.39200,
,,,004.240000000000,   0.48000,
,,,004.250000000000,   0.45600,
,,,004.260000000000,   0.39200,
,,,004.270000000000,   0.48800,
,,,004.280000000000,   0.44000,
,,,004.290000000000,   0.37600,
,,,004.300000000000,   0.49600,
,,,004.310000000000,   0.43200,
,,,004.320000000000,   0.41600,
,,,004.330000000000,   0.48800,
,,,004.340000000000,   0.44000,
,,,004.350000000000,   0.41600,
,,,004.360000000000,   0.45600,
,,,004.370000000000,   0.45600,
,,,004.380000000000,   0.40800,
,,,004.390000000000,   0.50400,
,,,004.400000000000,   0.44800,
,,,004.410000000000,   0.46400,
,,,004.420000000000,   0.47200,
,,,004.430000000000,   0.46400,
,,,004.440000000000,   0.44800,
,,,004.450000000000,   0.46400,
,,,004.460000000000,   0.42400,
,,,004.470000000000,   0.44800,
,,,004.480000000000,   0.43200,
,,,004.490000000000,   0.43200,
,,,004.500000000000,   0.47200,
,,,004.510000000000,   0.39200,
,,,004.520000000000,   0.44800,
,,,004.530000000000,   0.46400,
,,,004.540000000000,   0.41600,
,,,004.550000000000,   0.48800,
,,,004.560000000000,   0.45600,
,,,004.570000000000,   0.38400,
,,,004.580000000000,   0.45600,
,,,004.590000000000,   0.46400,
,,,004.600000000000,   0.41600,
,,,004.610000000000,   0.45600,
,,,004.620000000000,   0.50400,
,,,004.630000000000,   0.37600,
,,,004.640000000000,   0.48000,
,,,004.650000000000,   0.50400,
,,,004.660000000000,   0.41600,
,,,004.670000000000,   0.49600,
,,,004.680000000000,   0.48000,
,,,004.690000000000,   0.38400,
,,,004.700000000000,   0.47200,
,,,004.710000000000,   0.45600,
,,,004.720000000000,   0.40800,
,,,004.730000000000,   0.46400,
,,,004.740000000000,   0.44800,
,,,004.750000000000,   0.44000,
,,,004.760000000000,   0.41600,
,,,004.770000000000,   0.44800,
,,,004.780000000000,   0.43200,
,,,004.790000000000,   0.44800,
,,,004.800000000000,   0.42400,
,,,004.810000000000,   0.47200,
,,,004.820000000000,   0.44000,
,,,004.830000000000,   0.42400,
,,,004.840000000000,   0.49600,
,,,004.850000000000,   0.41600,
,,,004.860000000000,   0.44800,
,,,004.870000000000,   0.50400,
,,,004.880000000000,   0.43200,
,,,004.890000000000,   0.44000,
,,,004.900000000000,   0.54400,
,,,004.910000000000,   0.42400,
,,,004.920000000000,   0.46400,
,,,004.930000000000,   0.49600,
,,,004.940000000000,   0.41600,
,,,004.950000000000,   0.47200,
,,,004.960000000000,   0.43200,
,,,004.970000000000,   0.43200,
,,,004.980000000000,   0.44000,
,,,004.990000000000,   0.45600,
,,,005.000000000000,   0.47200,
,,,005.010000000000,   0.42400,
,,,005.020000000000,   0.41600,
,,,005.030000000000,   0.44800,
,,,005.040000000000,   0.44000,
,,,005.050000000000,   0.40000,
,,,005.060000000000,   0.48800,
,,,005.070000000000,   0.44800,
,,,005.080000000000,   0.40800,
,,,005.090000000000,   0.52000,
,,,005.100000000000,   0.44800,
,,,005.110000000000,   0.40800,
,,,005.120000000000,   0.51200,
,,,005.130000000000,   0.44000,
,,,005.140000000000,   0.42400,
,,,005.150000000000,   0.49600,
,,,005.160000000000,   0.44000,
,,,005.170000000000,   0.43200,
,,,005.180000000000,   0.50400,
,,,005.190000000000,   0.44800,
,,,005.200000000000,   0.49600,
,,,005.210000000000,   0.40000,
,,,005.220000000000,   0.44800,
,,,005.230000000000,   0.44800,
,,,005.240000000000,   0.42400,
,,,005.250000000000,   0.43200,
,,,005.260000000000,   0.47200,
,,,005.270000000000,   0.38400,
,,,005.280000000000,   0.44800,
,,,005.290000000000,   0.45600,
,,,005.300000000000,   0.38400,
,,,005.310000000000,   0.44800,
,,,005.320000000000,   0.48000,
,,,005.330000000000,   0.40000,
,,,005.340000000000,   0.48800,
,,,005.350000000000,   0.48800,
,,,005.360000000000,   0.42400,
,,,005.370000000000,   0.48800,
,,,005.380000000000,   0.48000,
,,,005.390000000000,   0.40000,
,,,005.400000000000,   0.48800,
,,,005.410000000000,   0.45600,
,,,005.420000000000,   0.44800,
,,,005.430000000000,   0.47200,
,,,005.440000000000,   0.44800,
,,,005.450000000000,   0.47200,
,,,005.460000000000,   0.40800,
,,,005.470000000000,   0.44800,
,,,005.480000000000,   0.44000,
,,,005.490000000000,   0.41600,
,,,005.500000000000,   0.42400,
,,,005.510000000000,   0.48800,
,,,005.520000000000,   0.40000,
,,,005.530000000000,   0.43200,
,,,005.540000000000,   0.48000,
,,,005.550000000000,   0.42400,
,,,005.560000000000,   0.43200,
,,,005.570000000000,   0.52000,
,,,005.580000000000,   0.40000,
,,,005.590000000000,   0.46400,
,,,005.600000000000,   0.51200,
,,,005.610000000000,   0.42400,
,,,005.620000000000,   0.45600,
,,,005.630000000000,   0.49600,
,,,005.640000000000,   0.40800,
,,,005.650000000000,   0.46400,
,,,005.660000000000,   0.43200,
,,,005.670000000000,   0.44800,
,,,005.680000000000,   0.48000,
,,,005.690000000000,   0.45600,
,,,005.700000000000,   0.47200,
,,,005.710000000000,   0.42400,
,,,005.720000000000,   0.42400,
,,,005.730000000000,   0.44800,
,,,005.740000000000,   0.44800,
,,,005.750000000000,   0.40000,
,,,005.760000000000,   0.48800,
,,,005.770000000000,   0.42400,
,,,005.780000000000,   0.41600,
,,,005.790000000000,   0.48000,
,,,005.800000000000,   0.45600,
,,,005.810000000000,   0.40800,
,,,005.820000000000,   0.50400,
,,,005.830000000000,   0.43200,
,,,005.840000000000,   0.41600,
,,,005.850000000000,   0.52000,
,,,005.860000000000,   0.44000,
,,,005.870000000000,   0.44000,
,,,005.880000000000,   0.56800,
,,,005.890000000000,   0.44000,
,,,005.900000000000,   0.45600,
,,,005.910000000000,   0.45600,
,,,005.920000000000,   0.44800,
,,,005.930000000000,   0.44000,
,,,005.940000000000,   0.48800,
,,,005.950000000000,   0.42400,
,,,005.960000000000,   0.44800,
,,,005.970000000000,   0.42400,
,,,005.980000000000,   0.43200,
,,,005.990000000000,   0.44000,
,,,006.000000000000,   0.42400,
,,,006.010000000000,   0.43200,
,,,006.020000000000,   0.46400,
,,,006.030000000000,   0.41600,
,,,006.040000000000,   0.45600,
,,,006.050000000000,   0.46400,
,,,006.060000000000,   0.40000,
,,,006.070000000000,   0.49600,
,,,006.080000000000,   0.46400,
,,,006.090000000000,   0.40000,
,,,006.100000000000,   0.52000,
,,,006.110000000000,   0.44800,
,,,006.120000000000,   0.44800,
,,,006.130000000000,   0.51200,
,,,006.140000000000,   0.45600,
,,,006.150000000000,   0.42400,
,,,006.160000000000,   0.48000,
,,,006.170000000000,   0.44800,
,,,006.180000000000,   0.41600,
,,,006.190000000000,   0.48000,
,,,006.200000000000,   0.44000,
,,,006.210000000000,   0.43200,
,,,006.220000000000,   0.45600,
,,,006.230000000000,   0.41600,
,,,006.240000000000,   0.43200,
,,,006.250000000000,   0.42400,
,,,006.260000000000,   0.44000,
,,,006.270000000000,   0.44800,
,,,006.280000000000,   0.40800,
,,,006.290000000000,   0.44800,
,,,006.300000000000,   0.49600,
,,,006.310000000000,   0.40000,
,,,006.320000000000,   0.49600,
,,,006.330000000000,   0.46400,
,,,006.340000000000,   0.40000,
,,,006.350000000000,   0.48800,
,,,006.360000000000,   0.46400,
,,,006.370000000000,   0.41600,
,,,006.380000000000,   0.49600,
,,,006.390000000000,   0.45600,
,,,006.400000000000,   0.40800,
,,,006.410000000000,   0.45600,
,,,006.420000000000,   0.45600,
,,,006.430000000000,   0.40800,
,,,006.440000000000,   0.47200,
,,,006.450000000000,   0.44800,
,,,006.460000000000,   0.44800,
,,,006.470000000000,   0.42400,
,,,006.480000000000,   0.44000,
,,,006.490000000000,   0.44800,
,,,006.500000000000,   0.42400,
,,,006.510000000000,   0.40800,
,,,006.520000000000,   0.48000,
,,,006.530000000000,   0.39200,
,,,006.540000000000,   0.43200,
,,,006.550000000000,   0.50400,
,,,006.560000000000,   0.40000,
,,,006.570000000000,   0.45600,
,,,006.580000000000,   0.48800,
,,,006.590000000000,   0.40800,
,,,006.600000000000,   0.48000,
,,,006.610000000000,   0.47200,
,,,006.620000000000,   0.45600,
,,,006.630000000000,   0.46400,
,,,006.640000000000,   0.48000,
,,,006.650000000000,   0.43200,
,,,006.660000000000,   0.44800,
,,,006.670000000000,   0.44800,
,,,006.680000000000,   0.42400,
,,,006.690000000000,   0.44800,
,,,006.700000000000,   0.43200,
,,,006.710000000000,   0.46400,
,,,006.720000000000,   0.42400,
,,,006.730000000000,   0.44000,
,,,006.740000000000,   0.42400,
,,,006.750000000000,   0.42400,
,,,006.760000000000,   0.40800,
,,,006.770000000000,   0.51200,
,,,006.780000000000,   0.44000,
,,,006.790000000000,   0.41600,
,,,006.800000000000,   0.52800,
,,,006.810000000000,   0.42400,
,,,006.820000000000,   0.45600,
,,,006.830000000000,   0.52000,
,,,006.840000000000,   0.42400,
,,,006.850000000000,   0.44800,
,,,006.860000000000,   0.47200,
,,,006.870000000000,   0.46400,
,,,006.880000000000,   0.46400,
,,,006.890000000000,   0.48800,
,,,006.900000000000,   0.43200,
,,,006.910000000000,   0.45600,
,,,006.920000000000,   0.43200,
,,,006.930000000000,   0.44800,
,,,006.940000000000,   0.44800,
,,,006.950000000000,   0.40800,
,,,006.960000000000,   0.44800,
,,,006.970000000000,   0.44800,
,,,006.980000000000,   0.37600,
,,,006.990000000000,   0.46400,
,,,007.000000000000,   0.44000,
,,,007.010000000000,   0.37600,
,,,007.020000000000,   0.46400,
,,,007.030000000000,   0.46400,
,,,007.040000000000,   0.38400,
,,,007.050000000000,   0.49600,
,,,007.060000000000,   0.44800,
,,,007.070000000000,   0.48800,
,,,007.080000000000,   0.48000,
,,,007.090000000000,   0.45600,
,,,007.100000000000,   0.47200,
,,,007.110000000000,   0.44000,
,,,007.120000000000,   0.44000,
,,,007.130000000000,   0.48800,
,,,007.140000000000,   0.40800,
,,,007.150000000000,   0.46400,
,,,007.160000000000,   0.49600,
,,,007.170000000000,   0.40800,
,,,007.180000000000,   0.44800,
,,,007.190000000000,   0.48800,
,,,007.200000000000,   0.40000,
,,,007.210000000000,   0.42400,
,,,007.220000000000,   0.46400,
,,,007.230000000000,   0.39200,
,,,007.240000000000,   0.44000,
,,,007.250000000000,   0.44800,
,,,007.260000000000,   0.44800,
,,,007.270000000000,   0.45600,
,,,007.280000000000,   0.42400,
,,,007.290000000000,   0.44800,
,,,007.300000000000,   0.46400,
,,,007.310000000000,   0.42400,
,,,007.320000000000,   0.49600,
,,,007.330000000000,   0.44800,
,,,007.340000000000,   0.42400,
,,,007.350000000000,   0.53600,
,,,007.360000000000,   0.44000,
,,,007.370000000000,   0.44800,
,,,007.380000000000,   0.48800,
,,,007.390000000000,   0.44000,
,,,007.400000000000,   0.44800,
,,,007.410000000000,   0.43200,
,,,007.420000000000,   0.44000,
,,,007.430000000000,   0.48000,
,,,007.440000000000,   0.46400,
,,,007.450000000000,   0.44800,
,,,007.460000000000,   0.44800,
,,,007.470000000000,   0.41600,
,,,007.480000000000,   0.44000,
,,,007.490000000000,   0.44800,
,,,007.500000000000,   0.39200,
,,,007.510000000000,   0.49600,
,,,007.520000000000,   0.46400,
,,,007.530000000000,   0.40000,
,,,007.540000000000,   0.50400,
,,,007.550000000000,   0.48000,
,,,007.560000000000,   0.44000,
,,,007.570000000000,   0.48000,
,,,007.580000000000,   0.46400,
,,,007.590000000000,   0.44000,
,,,007.600000000000,   0.48000,
,,,007.610000000000,   0.42400,
,,,007.620000000000,   0.51200,
,,,007.630000000000,   0.42400,
,,,007.640000000000,   0.44800,
,,,007.650000000000,   0.48800,
,,,007.660000000000,   0.40000,
,,,007.670000000000,   0.43200,
,,,007.680000000000,   0.48800,
,,,007.690000000000,   0.40000,
,,,007.700000000000,   0.42400,
,,,007.710000000000,   0.46400,
,,,007.720000000000,   0.41600,
,,,007.730000000000,   0.44000,
,,,007.740000000000,   0.46400,
,,,007.750000000000,   0.42400,
,,,007.760000000000,   0.43200,
,,,007.770000000000,   0.44800,
,,,007.780000000000,   0.44800,
,,,007.790000000000,   0.44800,
,,,007.800000000000,   0.44800,
,,,007.810000000000,   0.48800,
,,,007.820000000000,   0.44800,
,,,007.830000000000,   0.42400,
,,,007.840000000000,   0.51200,
,,,007.850000000000,   0.44000,
,,,007.860000000000,   0.38400,
,,,007.870000000000,   0.48800,
,,,007.880000000000,   0.44000,
,,,007.890000000000,   0.40000,
,,,007.900000000000,   0.51200,
,,,007.910000000000,   0.41600,
,,,007.920000000000,   0.44800,
,,,007.930000000000,   0.46400,
,,,007.940000000000,   0.42400,
,,,007.950000000000,   0.41600,
,,,007.960000000000,   0.44800,
,,,007.970000000000,   0.44000,
,,,007.980000000000,   0.44000,
,,,007.990000000000,   0.45600,
,,,008.000000000000,   0.43200,
,,,008.010000000000,   0.45600,
,,,008.020000000000,   0.40800,
,,,008.030000000000,   0.45600,
,,,008.040000000000,   0.48800,
,,,008.050000000000,   0.42400,
,,,008.060000000000,   0.46400,
,,,008.070000000000,   0.49600,
,,,008.080000000000,   0.38400,
,,,008.090000000000,   0.50400,
,,,008.100000000000,   0.48000,
,,,008.110000000000,   0.40000,
,,,008.120000000000,   0.46400,
,,,008.130000000000,   0.46400,
,,,008.140000000000,   0.40000,
,,,008.150000000000,   0.48800,
,,,008.160000000000,   0.42400,
,,,008.170000000000,   0.44800,
,,,008.180000000000,   0.45600,
,,,008.190000000000,   0.44800,
,,,008.200000000000,   0.44800,
,,,008.210000000000,   0.41600,
,,,008.220000000000,   0.43200,
,,,008.230000000000,   0.44800,
,,,008.240000000000,   0.43200,
,,,008.250000000000,   0.40800,
,,,008.260000000000,   0.51200,
,,,008.270000000000,   0.43200,
,,,008.280000000000,   0.44800,
,,,008.290000000000,   0.52000,
,,,008.300000000000,   0.42400,
,,,008.310000000000,   0.43200,
,,,008.320000000000,   0.50400,
,,,008.330000000000,   0.41600,
,,,008.340000000000,   0.44800,
,,,008.350000000000,   0.49600,
,,,008.360000000000,   0.43200,
,,,008.370000000000,   0.47200,
,,,008.380000000000,   0.45600,
,,,008.390000000000,   0.42400,
,,,008.400000000000,   0.46400,
,,,008.410000000000,   0.39200,
,,,008.420000000000,   0.48000,
,,,008.430000000000,   0.42400,
,,,008.440000000000,   0.39200,
,,,008.450000000000,   0.48000,
,,,008.460000000000,   0.41600,
,,,008.470000000000,   0.40800,
,,,008.480000000000,   0.48800,
,,,008.490000000000,   0.44800,
,,,008.500000000000,   0.40000,
,,,008.510000000000,   0.48000,
,,,008.520000000000,   0.46400,
,,,008.530000000000,   0.41600,
,,,008.540000000000,   0.48800,
,,,008.550000000000,   0.46400,
,,,008.560000000000,   0.47200,
,,,008.570000000000,   0.44800,
,,,008.580000000000,   0.44800,
,,,008.590000000000,   0.45600,
,,,008.600000000000,   0.44800,
,,,008.610000000000,   0.44800,
,,,008.620000000000,   0.52000,
,,,008.630000000000,   0.40000,
,,,008.640000000000,   0.44800,
,,,008.650000000000,   0.49600,
,,,008.660000000000,   0.38400,
,,,008.670000000000,   0.44000,
,,,008.680000000000,   0.46400,
,,,008.690000000000,   0.36800,
,,,008.700000000000,   0.44800,
,,,008.710000000000,   0.45600,
,,,008.720000000000,   0.44800,
,,,008.730000000000,   0.44000,
,,,008.740000000000,   0.47200,
,,,008.750000000000,   0.42400,
,,,008.760000000000,   0.46400,
,,,008.770000000000,   0.44000,
,,,008.780000000000,   0.45600,
,,,008.790000000000,   0.44800,
,,,008.800000000000,   0.40000,
,,,008.810000000000,   0.49600,
,,,008.820000000000,   0.46400,
,,,008.830000000000,   0.43200,
,,,008.840000000000,   0.50400,
,,,008.850000000000,   0.44800,
,,,008.860000000000,   0.40000,
,,,008.870000000000,   0.52000,
,,,008.880000000000,   0.42400,
,,,008.890000000000,   0.40800,
,,,008.900000000000,   0.48000,
,,,008.910000000000,   0.39200,
,,,008.920000000000,   0.45600,
,,,008.930000000000,   0.48800,
,,,008.940000000000,   0.43200,
,,,008.950000000000,   0.41600,
,,,008.960000000000,   0.40800,
,,,008.970000000000,   0.44800,
,,,008.980000000000,   0.44800,
,,,008.990000000000,   0.47200,
,,,009.000000000000,   0.44000,
,,,009.010000000000,   0.45600,
,,,009.020000000000,   0.41600,
,,,009.030000000000,   0.46400,
,,,009.040000000000,   0.47200,
,,,009.050000000000,   0.41600,
,,,009.060000000000,   0.46400,
,,,009.070000000000,   0.51200,
,,,009.080000000000,   0.39200,
,,,009.090000000000,   0.49600,
,,,009.100000000000,   0.49600,
,,,009.110000000000,   0.39200,
,,,009.120000000000,   0.47200,
,,,009.130000000000,   0.47200,
,,,009.140000000000,   0.38400,
,,,009.150000000000,   0.48000,
,,,009.160000000000,   0.42400,
,,,009.170000000000,   0.44800,
,,,009.180000000000,   0.44800,
,,,009.190000000000,   0.43200,
,,,009.200000000000,   0.44000,
,,,009.210000000000,   0.42400,
,,,009.220000000000,   0.44000,
,,,009.230000000000,   0.45600,
,,,009.240000000000,   0.43200,
,,,009.250000000000,   0.44800,
,,,009.260000000000,   0.50400,
,,,009.270000000000,   0.44000,
,,,009.280000000000,   0.43200,
,,,009.290000000000,   0.51200,
,,,009.300000000000,   0.42400,
,,,009.310000000000,   0.40000,
,,,009.320000000000,   0.52000,
,,,009.330000000000,   0.44000,
,,,009.340000000000,   0.44800,
,,,009.350000000000,   0.49600,
,,,009.360000000000,   0.42400,
,,,009.370000000000,   0.48000,
,,,009.380000000000,   0.42400,
,,,009.390000000000,   0.40800,
,,,009.400000000000,   0.44800,
,,,009.410000000000,   0.40800,
,,,009.420000000000,   0.44000,
,,,009.430000000000,   0.45600,
,,,009.440000000000,   0.40000,
,,,009.450000000000,   0.48800,
,,,009.460000000000,   0.44800,
,,,009.470000000000,   0.39200,
,,,009.480000000000,   0.47200,
,,,009.490000000000,   0.48000,
,,,009.500000000000,   0.38400,
,,,009.510000000000,   0.48000,
,,,009.520000000000,   0.47200,
,,,009.530000000000,   0.43200,
,,,009.540000000000,   0.48000,
,,,009.550000000000,   0.48000,
,,,009.560000000000,   0.45600,
,,,009.570000000000,   0.44800,
,,,009.580000000000,   0.44800,
,,,009.590000000000,   0.48000,
,,,009.600000000000,   0.44000,
,,,009.610000000000,   0.39200,
,,,009.620000000000,   0.52000,
,,,009.630000000000,   0.40000,
,,,009.640000000000,   0.43200,
,,,009.650000000000,   0.48800,
,,,009.660000000000,   0.40000,
,,,009.670000000000,   0.44000,
,,,009.680000000000,   0.45600,
,,,009.690000000000,   0.39200,
,,,009.700000000000,   0.43200,
,,,009.710000000000,   0.44800,
,,,009.720000000000,   0.45600,
,,,009.730000000000,   0.44800,
,,,009.740000000000,   0.44800,
,,,009.750000000000,   0.45600,
,,,009.760000000000,   0.46400,
,,,009.770000000000,   0.40000,
,,,009.780000000000,   0.48800,
,,,009.790000000000,   0.49600,
,,,009.800000000000,   0.40000,
,,,009.810000000000,   0.46400,
,,,009.820000000000,   0.48000,
,,,009.830000000000,   0.42400,
,,,009.840000000000,   0.48800,
,,,009.850000000000,   0.44800,
,,,009.860000000000,   0.40800,
,,,009.870000000000,   0.45600,
,,,009.880000000000,   0.44800,
,,,009.890000000000,   0.45600,
,,,009.900000000000,   0.44800,
,,,009.910000000000,   0.42400,
,,,009.920000000000,   0.48800,
,,,009.930000000000,   0.38400,
,,,009.940000000000,   0.42400,
,,,009.950000000000,   0.49600,
,,,009.960000000000,   0.39200,
,,,009.970000000000,   0.44000,
,,,009.980000000000,   0.49600,
,,,009.990000000000,   0.40800,
,,,010.000000000000,   0.44800,
,,,010.010000000000,   0.48000,
,,,010.020000000000,   0.46400,
,,,010.030000000000,   0.44800,
,,,010.040000000000,   0.51200,
,,,010.050000000000,   0.45600,
,,,010.060000000000,   0.44800,
,,,010.070000000000,   0.44800,
,,,010.080000000000,   0.44800,
,,,010.090000000000,   0.47200,
,,,010.100000000000,   0.46400,
,,,010.110000000000,   0.45600,
,,,010.120000000000,   0.48800,
,,,010.130000000000,   0.40000,
,,,010.140000000000,   0.46400,
,,,010.150000000000,   0.46400,
,,,010.160000000000,   0.35200,
,,,010.170000000000,   0.50400,
,,,010.180000000000,   0.43200,
,,,010.190000000000,   0.39200,
,,,010.200000000000,   0.50400,
,,,010.210000000000,   0.43200,
,,,010.220000000000,   0.42400,
,,,010.230000000000,   0.47200,
,,,010.240000000000,   0.43200,
,,,010.250000000000,   0.40800,
,,,010.260000000000,   0.47200,
,,,010.270000000000,   0.44800,
,,,010.280000000000,   0.45600,
,,,010.290000000000,   0.47200,
,,,010.300000000000,   0.45600,
,,,010.310000000000,   0.49600,
,,,010.320000000000,   0.43200,
,,,010.330000000000,   0.44000,
,,,010.340000000000,   0.50400,
,,,010.350000000000,   0.40000,
,,,010.360000000000,   0.43200,
,,,010.370000000000,   0.48800,
,,,010.380000000000,   0.40800,
,,,010.390000000000,   0.44000,
,,,010.400000000000,   0.49600,
,,,010.410000000000,   0.41600,
,,,010.420000000000,   0.48000,
,,,010.430000000000,   0.40000,
,,,010.440000000000,   0.44000,
,,,010.450000000000,   0.44800,
,,,010.460000000000,   0.40000,
,,,010.470000000000,   0.50400,
,,,010.480000000000,   0.45600,
,,,010.490000000000,   0.40000,
,,,010.500000000000,   0.53600,
,,,010.510000000000,   0.44800,
,,,010.520000000000,   0.44800,
,,,010.530000000000,   0.48000,
,,,010.540000000000,   0.49600,
,,,010.550000000000,   0.44000,
,,,010.560000000000,   0.45600,
,,,010.570000000000,   0.46400,
,,,010.580000000000,   0.45600,
,,,010.590000000000,   0.44000,
,,,010.600000000000,   0.44800,
,,,010.610000000000,   0.48000,
,,,010.620000000000,   0.41600,
,,,010.630000000000,   0.44000,
,,,010.640000000000,   0.48800,
,,,010.650000000000,   0.39200,
,,,010.660000000000,   0.41600,
,,,010.670000000000,   0.47200,
,,,010.680000000000,   0.40000,
,,,010.690000000000,   0.44000,
,,,010.700000000000,   0.45600,
,,,010.710000000000,   0.44800,
,,,010.720000000000,   0.45600,
,,,010.730000000000,   0.42400,
,,,010.740000000000,   0.48800,
,,,010.750000000000,   0.46400,
,,,010.760000000000,   0.40000,
,,,010.770000000000,   0.55200,
,,,010.780000000000,   0.47200,
,,,010.790000000000,   0.42400,
,,,010.800000000000,   0.52800,
,,,010.810000000000,   0.44000,
,,,010.820000000000,   0.44800,
,,,010.830000000000,   0.44800,
,,,010.840000000000,   0.45600,
,,,010.850000000000,   0.43200,
,,,010.860000000000,   0.44800,
,,,010.870000000000,   0.44000,
,,,010.880000000000,   0.44800,
,,,010.890000000000,   0.39200,
,,,010.900000000000,   0.44800,
,,,010.910000000000,   0.48000,
,,,010.920000000000,   0.42400,
,,,010.930000000000,   0.44000,
,,,010.940000000000,   0.49600,
,,,010.950000000000,   0.40000,
,,,010.960000000000,   0.45600,
,,,010.970000000000,   0.48000,
,,,010.980000000000,   0.43200,
,,,010.990000000000,   0.48800,
,,,011.000000000000,   0.48000,
,,,011.010000000000,   0.45600,
,,,011.020000000000,   0.47200,
,,,011.030000000000,   0.44000,
,,,011.040000000000,   0.48000,
,,,011.050000000000,   0.47200,
,,,011.060000000000,   0.40800,
,,,011.070000000000,   0.52800,
,,,011.080000000000,   0.42400,
,,,011.090000000000,   0.41600,
,,,011.100000000000,   0.50400,
,,,011.110000000000,   0.43200,
,,,011.120000000000,   0.41600,
,,,011.130000000000,   0.44000,
,,,011.140000000000,   0.41600,
,,,011.150000000000,   0.38400,
,,,011.160000000000,   0.44000,
,,,011.170000000000,   0.45600,
,,,011.180000000000,   0.44800,
,,,011.190000000000,   0.42400,
,,,011.200000000000,   0.44800,
,,,011.210000000000,   0.48000,
,,,011.220000000000,   0.40800,
,,,011.230000000000,   0.45600,
,,,011.240000000000,   0.49600,
,,,011.250000000000,   0.39200,
,,,011.260000000000,   0.48000,
,,,011.270000000000,   0.51200,
,,,011.280000000000,   0.43200,
,,,011.290000000000,   0.47200,
,,,011.300000000000,   0.48800,
,,,011.310000000000,   0.43200,
,,,011.320000000000,   0.48000,
,,,011.330000000000,   0.43200,
,,,011.340000000000,   0.47200,
,,,011.350000000000,   0.44000,
,,,011.360000000000,   0.42400,
,,,011.370000000000,   0.48800,
,,,011.380000000000,   0.41600,
,,,011.390000000000,   0.40800,
,,,011.400000000000,   0.48000,
,,,011.410000000000,   0.40800,
,,,011.420000000000,   0.40800,
,,,011.430000000000,   0.44800,
,,,011.440000000000,   0.43200,
,,,011.450000000000,   0.41600,
,,,011.460000000000,   0.52000,
,,,011.470000000000,   0.44800,
,,,011.480000000000,   0.44800,
,,,011.490000000000,   0.50400,
,,,011.500000000000,   0.44000,
,,,011.510000000000,   0.44000,
,,,011.520000000000,   0.45600,
,,,011.530000000000,   0.44800,
,,,011.540000000000,   0.45600,
,,,011.550000000000,   0.48000,
,,,011.560000000000,   0.41600,
,,,011.570000000000,   0.48800,
,,,011.580000000000,   0.41600,
,,,011.590000000000,   0.46400,
,,,011.600000000000,   0.45600,
,,,011.610000000000,   0.38400,
,,,011.620000000000,   0.48000,
,,,011.630000000000,   0.43200,
,,,011.640000000000,   0.36800,
,,,011.650000000000,   0.48000,
,,,011.660000000000,   0.48000,
,,,011.670000000000,   0.40000,
,,,011.680000000000,   0.45600,
,,,011.690000000000,   0.45600,
,,,011.700000000000,   0.39200,
,,,011.710000000000,   0.45600,
,,,011.720000000000,   0.46400,
,,,011.730000000000,   0.47200,
,,,011.740000000000,   0.46400,
,,,011.750000000000,   0.47200,
,,,011.760000000000,   0.46400,
,,,011.770000000000,   0.46400,
,,,011.780000000000,   0.42400,
,,,011.790000000000,   0.48800,
,,,011.800000000000,   0.44000,
,,,011.810000000000,   0.44800,
,,,011.820000000000,   0.50400,
,,,011.830000000000,   0.41600,
,,,011.840000000000,   0.42400,
,,,011.850000000000,   0.51200,
,,,011.860000000000,   0.39200,
,,,011.870000000000,   0.44000,
,,,011.880000000000,   0.46400,
,,,011.890000000000,   0.41600,
,,,011.900000000000,   0.44800,
,,,011.910000000000,   0.51200,
,,,011.920000000000,   0.43200,
,,,011.930000000000,   0.44800,
,,,011.940000000000,   0.48000,
,,,011.950000000000,   0.43200,
,,,011.960000000000,   0.44000,
,,,011.970000000000,   0.46400,
,,,011.980000000000,   0.48000,
,,,011.990000000000,   0.49600,
,,,012.000000000000,   0.46400,
,,,012.010000000000,   0.47200,
,,,012.020000000000,   0.48800,
,,,012.030000000000,   0.41600,
,,,012.040000000000,   0.49600,
,,,012.050000000000,   0.46400,
,,,012.060000000000,   0.40800,
,,,012.070000000000,   0.50400,
,,,012.080000000000,   0.44000,
,,,012.090000000000,   0.38400,
,,,012.100000000000,   0.48800,
,,,012.110000000000,   0.44000,
,,,012.120000000000,   0.41600,
,,,012.130000000000,   0.44800,
,,,012.140000000000,   0.44800,
,,,012.150000000000,   0.39200,
,,,012.160000000000,   0.47200,
,,,012.170000000000,   0.47200,
,,,012.180000000000,   0.44000,
,,,012.190000000000,   0.48000,
,,,012.200000000000,   0.44800,
,,,012.210000000000,   0.44800,
,,,012.220000000000,   0.43200,
,,,012.230000000000,   0.44000,
,,,012.240000000000,   0.48000,
,,,012.250000000000,   0.46400,
,,,012.260000000000,   0.44000,
,,,012.270000000000,   0.50400,
,,,012.280000000000,   0.41600,
,,,012.290000000000,   0.44800,
,,,012.300000000000,   0.48000,
,,,012.310000000000,   0.40800,
,,,012.320000000000,   0.45600,
,,,012.330000000000,   0.47200,
,,,012.340000000000,   0.40000,
,,,012.350000000000,   0.44800,
,,,012.360000000000,   0.46400,
,,,012.370000000000,   0.40000,
,,,012.380000000000,   0.44800,
,,,012.390000000000,   0.47200,
,,,012.400000000000,   0.40000,
,,,012.410000000000,   0.43200,
,,,012.420000000000,   0.44800,
,,,012.430000000000,   0.45600,
,,,012.440000000000,   0.48000,
,,,012.450000000000,   0.43200,
,,,012.460000000000,   0.47200,
,,,012.470000000000,   0.48000,
,,,012.480000000000,   0.43200,
,,,012.490000000000,   0.46400,
